GAP_code,reviewer,editors
aABSAx,Steve Williams,['Ken Boykin']
aACSSx,Jeff Lonneker,['Adam Radel']
aADSAx,Jeff Lonneker,['Adam Radel']
aAGTOx,Jeff Lonneker,['Ken Boykin']
aAMBUx,Jeff Lonneker,['Ken Boykin']
aAMDSx,Steve Williams,['Matthew Rubino']
aAMTOx,Jeff Lonneker,['Ken Boykin']
aARSAx,Jeff Lonneker,['Ken Boykin']
aARTOx,Jeff Lonneker,['Ken Boykin']
aAZTOx,Jeff Lonneker,"['Ken Boykin', 'Thomas Laxson']"
aAZTRx,Jeff Lonneker,['Ken Boykin']
aBAFRx,Steve Williams,['Ken Boykin']
aBATRx,Jeff Lonneker,['Ken Boykin']
aBBSSx,Jeff Lonneker,['Ken Boykin']
aBCSAx,Steve Williams,['Matthew Rubino']
aBCTRx,Jeff Lonneker,['Ken Boykin']
aBESAx,Steve Williams,['Matthew Rubino']
aBGCSx,Jeff Lonneker,['Adam Radel']
aBGSAx,Steve Williams,['Steven Williams']
aBLASx,Jeff Lonneker,['Ken Boykin']
aBLSAx,Steve Williams,['Ken Boykin']
aBLTOx,Jeff Lonneker,['Ken Boykin']
aBMSAx,Jeff Lonneker,['Adam Radel']
aBOFRx,Jeff Lonneker,['Ken Boykin']
aBOTOx,Jeff Lonneker,"['Ken Boykin', 'Thomas Laxson']"
aBRDSx,Jeff Lonneker,['Adam Radel']
aBRFRx,Jeff Lonneker,['Adam Radel']
aBRTSx,Jeff Lonneker,['Adam Radel']
aBSNEx,Steve Williams,['Matthew Rubino']
aBSPSx,Steve Williams,['Ken Boykin']
aBTISx,Steve Williams,['Matthew Rubino']
aBUPSx,Steve Williams,['Matthew Rubino']
aBUTOx,Jeff Lonneker,['Ken Boykin']
aBVTRx,Jeff Lonneker,['Ken Boykin']
aBWRWx,Jeff Lonneker,['Adam Radel']
aCANEx,Jeff Lonneker,['Ken Boykin']
aCASAx,Steve Williams,['Ken Boykin']
aCATOx,Jeff Lonneker,['Ken Boykin']
aCATRx,Jeff Lonneker,['Ken Boykin']
aCBSAx,Steve Williams,['Ken Boykin']
aCCFRx,Jeff Lonneker,['Ken Boykin']
aCCSAx,Steve Williams,['Ken Boykin']
aCFNEx,Jeff Lonneker,['Ken Boykin']
aCGSAx,Steve Williams,['Ken Boykin']
aCGTRx,Jeff Lonneker,['Ken Boykin']
aCHDSx,Jeff Lonneker,['Adam Radel']
aCHSAx,Jeff Lonneker,['Adam Radel']
aCISSx,Jeff Lonneker,['Ken Boykin']
aCKSAx,Steve Williams,['Matthew Rubino']
aCLFRx,Jeff Lonneker,['Adam Radel']
aCLSAx,Nathan Tarr,"['Matthew Rubino', 'Thomas Laxson']"
aCMDSx,Jeff Lonneker,['Adam Radel']
aCMSAx,Steve Williams,['Matthew Rubino']
aCMTSx,Steve Williams,['Matthew Rubino']
aCOFRx,Jeff Lonneker,['Ken Boykin']
aCOGSx,Steve Williams,['Ken Boykin']
aCOSAx,Jeff Lonneker,['Ken Boykin']
aCOSPx,Jeff Lonneker,['Ken Boykin']
aCPSAx,Steve Williams,['Matthew Rubino']
aCRFRx,Jeff Lonneker,['Adam Radel']
aCRLFx,Jeff Lonneker,['Matthew Rubino']
aCSFRx,Jeff Lonneker,['Ken Boykin']
aCSLSx,Jeff Lonneker,['Ken Boykin']
aCSMSx,Jeff Lonneker,['Adam Radel']
aCTFRx,Jeff Lonneker,"['Ken Boykin', 'Ken Boykin']"
aCTGSx,Jeff Lonneker,['Ken Boykin']
aCTOSx,Jeff Lonneker,['Ken Boykin']
aCTRSx,Jeff Lonneker,['Ken Boykin']
aCUDSx,Steve Williams,['Matthew Rubino']
aCUTRx,Jeff Lonneker,['Adam Radel']
aCVSAx,Steve Williams,['Matthew Rubino']
aCWFRx,Jeff Lonneker,['Ken Boykin']
aCYTRx,Jeff Lonneker,['Ken Boykin']
aDASAx,Steve Williams,['Matthew Rubino']
aDBBSx,Steve Williams,['Matthew Rubino']
aDGFRx,Jeff Lonneker,['Ken Boykin']
aDNSAx,Jeff Lonneker,['Ken Boykin']
aDUSAx,Jeff Lonneker,['Ken Boykin']
aDWSAx,Steve Williams,['Matthew Rubino']
aDWWAx,Jeff Lonneker,['Adam Radel']
aEANEx,Steve Williams,['Matthew Rubino']
aEASPx,Jeff Lonneker,['Ken Boykin']
aENMTx,Steve Williams,['Ken Boykin']
aENSAx,Steve Williams,['Ken Boykin']
aERBSx,Steve Williams,['Matthew Rubino']
aETSAx,Jeff Lonneker,"['Matthew Rubino', 'Thomas Laxson', 'Thomas Laxson']"
aFBFRx,Jeff Lonneker,['Adam Radel']
aFBSAx,Steve Williams,['Ken Boykin']
aFFSAx,Steve Williams,['Matthew Rubino']
aFMSAx,Steve Williams,['Matthew Rubino']
aFOTOx,Jeff Lonneker,['Ken Boykin']
aFTSAx,Matt Rubino,['Adam Radel']
aFYLFx,Jeff Lonneker,['Ken Boykin']
aGBSAx,Jeff Lonneker,['Adam Radel']
aGBSPx,Jeff Lonneker,['Ken Boykin']
aGCTOx,Jeff Lonneker,['Ken Boykin']
aGESAx,Steve Williams,['Ken Boykin']
aGGSAx,Jeff Lonneker,['Ken Boykin']
aGHFRx,Jeff Lonneker,['Adam Radel']
aGMSSx,Jeff Lonneker,['Ken Boykin']
aGOFRx,Jeff Lonneker,['Adam Radel']
aGPTOx,Jeff Lonneker,['Ken Boykin']
aGRFRx,Jeff Lonneker,['Ken Boykin']
aGRSAx,Steve Williams,['Matthew Rubino']
aGRSIx,Steve Williams,['Matthew Rubino']
aGRTOx,Jeff Lonneker,['Ken Boykin']
aGRTRx,Jeff Lonneker,['Ken Boykin']
aGSALx,Steve Williams,['Matthew Rubino']
aGSSAx,Jeff Lonneker,['Ken Boykin']
aGUWAx,Steve Williams,['Matthew Rubino']
aGYTRx,Jeff Lonneker,['Ken Boykin']
aHELLa,Matt Rubino,['Nathan Tarr']
aHELLb,Matt Rubino,['Nathan Tarr']
aHELLx,Matt Rubino,['Nathan Tarr']
aHHSSx,Jeff Lonneker,['Ken Boykin']
aHOTOx,Jeff Lonneker,['Thomas Laxson']
aHUSPx,Jeff Lonneker,['Ken Boykin']
aIGSAx,Steve Williams,['Ken Boykin']
aILGRx,Jeff Lonneker,['Ken Boykin']
aIMSAx,Jeff Lonneker,['Adam Radel']
aINSAx,Jeff Lonneker,['Ken Boykin']
aJESAx,Steve Williams,['Matthew Rubino']
aJMSAx,Jeff Lonneker,['Ken Boykin']
aJPSAx,Steve Williams,['Ken Boykin']
aJUSAx,Jeff Lonneker,['Adam Radel']
aKCSSx,Jeff Lonneker,['Ken Boykin']
aKPSAx,Jeff Lonneker,['Ken Boykin']
aKRSSx,Jeff Lonneker,['Ken Boykin']
aKSSAx,Steve Williams,['Matthew Rubino']
aLASAx,Steve Williams,['Matthew Rubino']
aLBTRx,Jeff Lonneker,['Ken Boykin']
aLESIx,Nathan Tarr,['Matthew Rubino']
aLGFRx,Jeff Lonneker,['Adam Radel']
aLISAx,Steve Williams,['Ken Boykin']
aLLFRx,Jeff Lonneker,['Ken Boykin']
aLMSAx,Jeff Lonneker,['Ken Boykin']
aLSSAx,Jeff Lonneker,['Ken Boykin']
aLTASx,Nathan Tarr,['Matthew Rubino']
aLTOPx,Jeff Lonneker,['Ken Boykin']
aMASAx,Steve Williams,['Matthew Rubino']
aMBSAx,Jeff Lonneker,['Adam Radel']
aMCFRx,Jeff Lonneker,['Ken Boykin']
aMIFRx,Jeff Lonneker,['Ken Boykin']
aMLSAx,Jeff Lonneker,['Adam Radel']
aMLYSx,Steve Williams,['Ken Boykin']
aMOSAx,Matt Rubino,['Adam Radel']
aMRSAx,Steve Williams,['Matthew Rubino']
aMSSAx,Steve Williams,['Matthew Rubino']
aMUDPx,Nathan Tarr,['Matthew Rubino']
aMUSAx,Steve Williams,['Matthew Rubino']
aMWLFx,Jeff Lonneker,['Ken Boykin']
aMXSPx,Jeff Lonneker,['Ken Boykin']
aMXTRx,Jeff Lonneker,['Ken Boykin']
aNCFRx,Jeff Lonneker,['Thomas Laxson']
aNDSAx,Steve Williams,['Matthew Rubino']
aNDSIx,Jeff Lonneker,['Adam Radel']
aNGCSx,Jeff Lonneker,['Adam Radel']
aNJFRx,Jeff Lonneker,['Ken Boykin']
aNLFRx,Jeff Lonneker,"['Ken Boykin', 'Thomas Laxson']"
aNOSAx,Jeff Lonneker,['Ken Boykin']
aNPTRx,Jeff Lonneker,['Ken Boykin']
aNRLFx,Jeff Lonneker,"['Matthew Rubino', 'Thomas Laxson']"
aNRSAx,Steve Williams,['Matthew Rubino']
aNRWAx,Jeff Lonneker,['Adam Radel']
aNSSAx,Steve Williams,['Adam Radel']
aNTLSx,Steve Williams,['Matthew Rubino']
aNZSAx,Steve Williams,['Matthew Rubino']
aOATOx,Nathan Tarr,['Matthew Rubino']
aOCFRx,Jeff Lonneker,['Ken Boykin']
aOCSAx,Jeff Lonneker,['Adam Radel']
aOCSSx,Jeff Lonneker,['Adam Radel']
aODSAx,Steve Williams,['Matthew Rubino']
aOKSAx,Steve Williams,['Matthew Rubino']
aORFRx,Matt Rubino,['Matthew Rubino']
aOSSAx,Jeff Lonneker,['Ken Boykin']
aOTAMx,Jeff Lonneker,['Adam Radel']
aOTSAx,Jeff Lonneker,['Ken Boykin']
aOZSAx,Steve Williams,['Matthew Rubino']
aPBTRx,Jeff Lonneker,['Adam Radel']
aPIFRx,Jeff Lonneker,['Ken Boykin']
aPIGFx,Steve Williams,['Ken Boykin']
aPLFRx,Jeff Lonneker,['Ken Boykin']
aPLSPx,Jeff Lonneker,['Ken Boykin']
aPMSAx,Jeff Lonneker,['Adam Radel']
aPOSAx,Jeff Lonneker,['Adam Radel']
aPWTRx,Jeff Lonneker,['Ken Boykin']
aPYSAx,Jeff Lonneker,['Adam Radel']
aRBNEx,Jeff Lonneker,['Ken Boykin']
aRCSAx,Jeff Lonneker,['Adam Radel']
aRESAx,Steve Williams,['Matthew Rubino']
aRFSAx,Steve Williams,['Matthew Rubino']
aRGCFx,Jeff Lonneker,['Ken Boykin']
aRGLFx,Jeff Lonneker,['Ken Boykin']
aRHSAx,Jeff Lonneker,['Adam Radel']
aRIFRx,Jeff Lonneker,['Adam Radel']
aRISAx,Steve Williams,['Matthew Rubino']
aRLFRx,Jeff Lonneker,['Ken Boykin']
aRLSAx,Jeff Lonneker,['Adam Radel']
aRMSAx,Steve Williams,['Matthew Rubino']
aROTFx,Jeff Lonneker,['Ken Boykin']
aRSNEx,Jeff Lonneker,['Ken Boykin']
aRSSAx,Jeff Lonneker,['Ken Boykin']
aRSTOx,Jeff Lonneker,['Ken Boykin']
aSADSx,Jeff Lonneker,['Adam Radel']
aSASAx,Steve Williams,['Ken Boykin']
aSCFRx,Jeff Lonneker,['Ken Boykin']
aSCSAx,Jeff Lonneker,['Ken Boykin']
aSCSSx,Jeff Lonneker,['Adam Radel']
aSDSAx,Jeff Lonneker,['Adam Radel']
aSDSIx,Steve Williams,['Matthew Rubino']
aSEASx,Steve Williams,['Matthew Rubino']
aSEESx,Jeff Lonneker,['Adam Radel']
aSENEx,Jeff Lonneker,['Ken Boykin']
aSGCSx,Jeff Lonneker,['Adam Radel']
aSGSSx,Jeff Lonneker,['Ken Boykin']
aSGTOx,Jeff Lonneker,['Ken Boykin']
aSHFRx,Jeff Lonneker,['Ken Boykin']
aSHMSx,Steve Williams,['Matthew Rubino']
aSHSAx,Jeff Lonneker,['Ken Boykin']
aSITRx,Jeff Lonneker,['Ken Boykin']
aSLFRx,Jeff Lonneker,['Ken Boykin']
aSMFRx,Jeff Lonneker,['Ken Boykin']
aSMGSx,Jeff Lonneker,['Adam Radel']
aSMMSx,Steve Williams,['Matthew Rubino']
aSMSAx,Steve Williams,['Ken Boykin']
aSMSSx,Jeff Lonneker,['Ken Boykin']
aSMTSx,Jeff Lonneker,['Ken Boykin']
aSNSAx,Jeff Lonneker,['Adam Radel']
aSNTOx,Jeff Lonneker,['Ken Boykin']
aSOASx,Jeff Lonneker,['Adam Radel']
aSODSx,Nathan Tarr,['Matthew Rubino']
aSOFRx,Jeff Lonneker,['Adam Radel']
aSOTOx,Jeff Lonneker,['Ken Boykin']
aSPCFx,Jeff Lonneker,['Ken Boykin']
aSPDSx,Steve Williams,['Matthew Rubino']
aSPFRx,Jeff Lonneker,['Ken Boykin']
aSPOSx,Steve Williams,['Matthew Rubino']
aSPPEx,Jeff Lonneker,['Ken Boykin']
aSPRSx,Steve Williams,['Matthew Rubino']
aSQSAx,Steve Williams,['Matthew Rubino']
aSQTRx,Jeff Lonneker,['Ken Boykin']
aSRBSx,Steve Williams,['Matthew Rubino']
aSRSAx,Steve Williams,['Matthew Rubino']
aSSLSx,Jeff Lonneker,['Ken Boykin']
aSSMSx,Steve Williams,['Matthew Rubino']
aSSSSx,Jeff Lonneker,['Ken Boykin']
aSSYSx,Jeff Lonneker,['Adam Radel']
aSTFRx,Jeff Lonneker,['Ken Boykin']
aSTLSx,Steve Williams,['Matthew Rubino']
aSTNEx,Jeff Lonneker,['Adam Radel']
aSTOSx,Jeff Lonneker,['Ken Boykin']
aSTRSx,Steve Williams,['Matthew Rubino']
aSYLFx,Jeff Lonneker,['Ken Boykin']
aSYSAx,Jeff Lonneker,['Ken Boykin']
aSZSAx,Jeff Lonneker,['Adam Radel']
aTBSAx,Steve Williams,['Ken Boykin']
aTCSAx,Jeff Lonneker,['Adam Radel']
aTESAx,Jeff Lonneker,['Adam Radel']
aTETOx,Jeff Lonneker,['Ken Boykin']
aTHAMx,Steve Williams,['Matthew Rubino']
aTLSAx,Matt Rubino,['Adam Radel']
aTSSAx,Jeff Lonneker,['Ken Boykin']
aTWAMx,Steve Williams,['Matthew Rubino']
aTXSAx,Steve Williams,['Ken Boykin']
aUCFRx,Jeff Lonneker,['Ken Boykin']
aVDSAx,Jeff Lonneker,['Ken Boykin']
aVFSAx,Steve Williams,['Ken Boykin']
aVRSAx,Steve Williams,['Matthew Rubino']
aWASAx,Nathan Tarr,"['Ken Boykin', 'Matthew Rubino']"
aWBSAx,Steve Williams,['Matthew Rubino']
aWCFRx,Jeff Lonneker,['Ken Boykin']
aWESPx,Jeff Lonneker,['Ken Boykin']
aWHSAx,Matt Rubino,['Adam Radel']
aWLSAx,Jeff Lonneker,['Adam Radel']
aWNMTx,Jeff Lonneker,['Ken Boykin']
aWOFRx,Jeff Lonneker,['Thomas Laxson']
aWOTOx,Jeff Lonneker,['Ken Boykin']
aWRBSx,Jeff Lonneker,['Ken Boykin']
aWSSAx,Steve Williams,['Matthew Rubino']
aWSSSx,Matt Rubino,['Adam Radel']
aWVSSx,Steve Williams,['Matthew Rubino']
aWYTOx,Jeff Lonneker,"['Ken Boykin', 'Ken Boykin']"
aYOSAx,Jeff Lonneker,['Adam Radel']
aYOTOx,Jeff Lonneker,['Ken Boykin']
bABDUx,Steve Williams,"['Matthew Rubino', 'Nathan Tarr']"
bABTOx,Jeff Lonneker,['Adam Radel']
bACFLx,Jeff Lonneker,['Nathan Tarr']
bACWOx,Nathan Tarr,"['Matthew Rubino', 'Robert Adair']"
bALFLx,Jeff Lonneker,['Nathan Tarr']
bALHUx,Jeff Lonneker,['Adam Radel']
bALORx,Jeff Lonneker,['Robert Adair']
bAMAVx,Matt Rubino,"['Nathan Tarr', 'Robert Adair', 'Thomas Laxson', 'Thomas Laxson']"
bAMBIx,Jeff Lonneker,['Jeff Lonneker']
bAMCOx,Jeff Lonneker,['Adam Radel']
bAMCRx,Matt Rubino,['Adam Radel']
bAMDIx,Matt Rubino,['Nathan Tarr']
bAMFLx,Jeff Lonneker,['Adam Radel']
bAMGOx,Matt Rubino,"['Jeff Lonneker', 'Nathan Tarr']"
bAMKEx,Nathan Tarr,['Adam Radel']
bAMOYx,Matt Rubino,['Nathan Tarr']
bAMPIx,Matt Rubino,['Adam Radel']
bAMREx,Matt Rubino,"['Nathan Tarr', 'Robert Adair']"
bAMROx,Nathan Tarr,['Nathan Tarr']
bAMWIx,Steve Williams,['Adam Radel']
bAMWOx,Matt Rubino,['Nathan Tarr']
bANHIx,Steve Williams,['Nathan Tarr']
bANHUx,Jeff Lonneker,['Adam Radel']
bANNIx,Jeff Lonneker,['Adam Radel']
bAPFAx,Matt Rubino,"['Robert Adair', 'Robert Adair']"
bARTEx,Matt Rubino,['Adam Radel']
bARWOx,Nathan Tarr,['Matthew Rubino']
bASSPx,Jeff Lonneker,"['Robert Adair', 'Thomas Laxson']"
bATBRx,Matt Rubino,['Adam Radel']
bATFLx,Matt Rubino,['Nathan Tarr']
bATPUx,Matt Rubino,['Nathan Tarr']
bATSPx,Matt Rubino,['Adam Radel']
bATTWx,Nathan Tarr,['Adam Radel']
bAUORx,Matt Rubino,['Robert Adair']
bAWPEx,Jeff Lonneker,"['Matthew Rubino', 'Nathan Tarr', 'Thomas Laxson']"
bBACSx,Jeff Lonneker,['Nathan Tarr']
bBADOx,Nathan Tarr,['Adam Radel']
bBAEAx,Nathan Tarr,['Thomas Laxson']
bBAGOx,Nathan Tarr,"['Matthew Rubino', 'Robert Adair']"
bBAISx,Matt Rubino,['Thomas Laxson']
bBANOx,Nathan Tarr,['Adam Radel']
bBANSx,Nathan Tarr,['Nathan Tarr']
bBAORx,Matt Rubino,['Nathan Tarr']
bBARSx,Nathan Tarr,"['Matthew Rubino', 'Robert Adair']"
bBAWWx,Nathan Tarr,['Nathan Tarr']
bBBCUx,Jeff Lonneker,"['Matthew Rubino', 'Nathan Tarr']"
bBBEHx,Matt Rubino,['Nathan Tarr']
bBBFLx,Jeff Lonneker,['Adam Radel']
bBBIHx,Jeff Lonneker,['Adam Radel']
bBBMAx,Nathan Tarr,"['Matthew Rubino', 'Robert Adair']"
bBBPLx,Jeff Lonneker,['Nathan Tarr']
bBBWAx,Matt Rubino,['Nathan Tarr']
bBBWDx,Matt Rubino,['Nathan Tarr']
bBBWOx,Matt Rubino,['Adam Radel']
bBCCHx,Nathan Tarr,['Matthew Rubino']
bBCFLx,Jeff Lonneker,['Adam Radel']
bBCHUx,Nathan Tarr,"['Matthew Rubino', 'Robert Adair']"
bBCNHx,Nathan Tarr,"['Jeff Lonneker', 'Nathan Tarr', 'Robert Adair']"
bBCNIx,Jeff Lonneker,['Adam Radel']
bBCRFx,Nathan Tarr,['Matthew Rubino']
bBCSPx,Matt Rubino,['Robert Adair']
bBCTIx,Matt Rubino,['Nathan Tarr']
bBCVIx,Steve Williams,"['Matthew Rubino', 'Robert Adair', 'Robert Adair']"
bBEKIx,Matt Rubino,['Nathan Tarr']
bBETHx,Jeff Lonneker,['Ken Boykin']
bBEVIx,Jeff Lonneker,"['Robert Adair', 'Thomas Laxson']"
bBEWRx,Jeff Lonneker,['Matthew Rubino']
bBGGNx,Nathan Tarr,['Nathan Tarr']
bBHCOx,Steve Williams,"['Matthew Rubino', 'Robert Adair']"
bBHGRx,Matt Rubino,['Robert Adair']
bBHNUx,Nathan Tarr,['Nathan Tarr']
bBHVIx,Matt Rubino,['Nathan Tarr']
bBITHx,Jeff Lonneker,['Nathan Tarr']
bBLBWx,Matt Rubino,['Nathan Tarr']
bBLGRx,Matt Rubino,"['Nathan Tarr', 'Robert Adair']"
bBLGUx,Matt Rubino,['Robert Adair']
bBLJAx,Matt Rubino,"['Nathan Tarr', 'Robert Adair']"
bBLOYx,Matt Rubino,['Robert Adair']
bBLPHx,Nathan Tarr,"['Matthew Rubino', 'Robert Adair']"
bBLPWx,Jeff Lonneker,['Nathan Tarr']
bBLRAc,Jeff Lonneker,['Adam Radel']
bBLRAx,Jeff Lonneker,['Robert Adair']
bBLRFx,Matt Rubino,['Nathan Tarr']
bBLSCx,Jeff Lonneker,['Nathan Tarr']
bBLSKx,Matt Rubino,['Nathan Tarr']
bBLSWx,Nathan Tarr,"['Matthew Rubino', 'Robert Adair']"
bBLTEx,Matt Rubino,['Thomas Laxson']
bBLTUx,Jeff Lonneker,"['Robert Adair', 'Thomas Laxson']"
bBLVUx,Matt Rubino,['Adam Radel']
bBNSTx,Nathan Tarr,"['Nathan Tarr', 'Robert Adair']"
bBOBOx,Matt Rubino,['Adam Radel']
bBOCHx,Nathan Tarr,['Matthew Rubino']
bBOGUx,Matt Rubino,['Robert Adair']
bBOOWx,Nathan Tarr,['Matthew Rubino']
bBOSPx,Matt Rubino,['Robert Adair']
bBOWAx,Matt Rubino,['Robert Adair']
bBRACx,Jeff Lonneker,['Robert Adair']
bBRBLx,Matt Rubino,['Adam Radel']
bBRCRx,Matt Rubino,"['Jeff Lonneker', 'Nathan Tarr']"
bBRJAx,Matt Rubino,['Robert Adair']
bBRNOx,Jeff Lonneker,['Adam Radel']
bBROCx,Matt Rubino,['Robert Adair']
bBRPEa,Matt Rubino,['Adam Radel']
bBRPEc,Matt Rubino,['Adam Radel']
bBRPEx,Steve Williams,['Adam Radel']
bBRSPx,Jeff Lonneker,"['Thomas Laxson', 'Thomas Laxson']"
bBRTEx,Jeff Lonneker,['Adam Radel']
bBRTHx,Steve Williams,"['Matthew Rubino', 'Nathan Tarr']"
bBRTIx,Jeff Lonneker,['Adam Radel']
bBTAHx,Nathan Tarr,['Matthew Rubino']
bBTBWx,Matt Rubino,"['Nathan Tarr', 'Robert Adair']"
bBTGNx,Matt Rubino,['Robert Adair']
bBTGRx,Matt Rubino,['Adam Radel']
bBTHHx,Matt Rubino,['Robert Adair']
bBTNWx,Matt Rubino,['Nathan Tarr']
bBTPIx,Nathan Tarr,['Matthew Rubino']
bBTSPx,Jeff Lonneker,['Adam Radel']
bBTYWx,Jeff Lonneker,['Matthew Rubino']
bBUFFx,Nathan Tarr,['Matthew Rubino']
bBUORx,Nathan Tarr,"['Matthew Rubino', 'Robert Adair']"
bBUOWf,Matt Rubino,['Nathan Tarr']
bBUOWh,Matt Rubino,['Nathan Tarr']
bBUOWx,Jeff Lonneker,"['Nathan Tarr', 'Robert Adair', 'Thomas Laxson']"
bBUSHx,Nathan Tarr,"['Matthew Rubino', 'Robert Adair']"
bBWHAx,Matt Rubino,"['Adam Radel', 'Nathan Tarr']"
bBWTEx,Matt Rubino,"['Nathan Tarr', 'Robert Adair']"
bBWVIx,Jeff Lonneker,['Adam Radel']
bBWWAx,Jeff Lonneker,['Nathan Tarr']
bCAAUx,Jeff Lonneker,['Thomas Laxson']
bCACGx,Matt Rubino,"['Nathan Tarr', 'Robert Adair']"
bCACHx,Nathan Tarr,['Nathan Tarr']
bCACOx,Jeff Lonneker,"['Jeff Lonneker', 'Robert Adair', 'Robert Adair', 'Thomas Laxson']"
bCACWx,Rob Adair,['Robert Adair']
bCAEGx,Steve Williams,"['Jeff Lonneker', 'Nathan Tarr']"
bCAFIx,Jeff Lonneker,['Adam Radel']
bCAGNx,Jeff Lonneker,['Thomas Laxson']
bCAGUx,Jeff Lonneker,"['Robert Adair', 'Thomas Laxson']"
bCAHUx,Jeff Lonneker,['Adam Radel']
bCAKIx,Steve Williams,"['Matthew Rubino', 'Robert Adair']"
bCALTx,Matt Rubino,"['Nathan Tarr', 'Robert Adair']"
bCANGx,Matt Rubino,['Nathan Tarr']
bCANTx,Jeff Lonneker,['Robert Adair']
bCANVx,Matt Rubino,"['Robert Adair', 'Thomas Laxson']"
bCANWx,Matt Rubino,['Robert Adair']
bCAQUx,Nathan Tarr,['Thomas Laxson']
bCARWx,Nathan Tarr,"['Matthew Rubino', 'Nathan Tarr']"
bCASPx,Jeff Lonneker,['Adam Radel']
bCASWx,Matt Rubino,['Nathan Tarr']
bCATEx,Matt Rubino,['Adam Radel']
bCATHx,Jeff Lonneker,['Adam Radel']
bCAVIx,Nathan Tarr,"['Matthew Rubino', 'Robert Adair']"
bCAWAx,Matt Rubino,['Nathan Tarr']
bCBCHx,Steve Williams,['Matthew Rubino']
bCBTHx,Jeff Lonneker,['Robert Adair']
bCCLOx,Jeff Lonneker,['Thomas Laxson']
bCCSPx,Matt Rubino,['Robert Adair']
bCEDWx,Matt Rubino,"['Jeff Lonneker', 'Nathan Tarr']"
bCERWx,Jeff Lonneker,['Nathan Tarr']
bCHRAx,Matt Rubino,['Robert Adair']
bCHSPx,Matt Rubino,"['Jeff Lonneker', 'Nathan Tarr']"
bCHSWx,Matt Rubino,"['Jeff Lonneker', 'Nathan Tarr']"
bCHUKx,Jeff Lonneker,"['Jeff Lonneker', 'Robert Adair', 'Thomas Laxson']"
bCITEx,Matt Rubino,['Adam Radel']
bCLGRx,Matt Rubino,"['Nathan Tarr', 'Robert Adair']"
bCLNUx,Jeff Lonneker,['Adam Radel']
bCLRAx,Matt Rubino,['Adam Radel']
bCLSWx,Matt Rubino,"['Jeff Lonneker', 'Nathan Tarr']"
bCMWAx,Matt Rubino,['Nathan Tarr']
bCOBHx,Steve Williams,['Robert Adair']
bCOEIx,Matt Rubino,['Adam Radel']
bCOFLx,Nathan Tarr,['Matthew Rubino']
bCOGDx,Matt Rubino,['Adam Radel']
bCOGOx,Nathan Tarr,['Matthew Rubino']
bCOGRx,Jeff Lonneker,['Nathan Tarr']
bCOHAx,Matt Rubino,"['Jeff Lonneker', 'Nathan Tarr']"
bCOHUx,Jeff Lonneker,['Adam Radel']
bCOKIx,Matt Rubino,['Robert Adair']
bCOLOx,Matt Rubino,"['Matthew Rubino', 'Robert Adair']"
bCOLWx,Jeff Lonneker,"['Robert Adair', 'Robert Adair']"
bCOMEx,Steve Williams,['Matthew Rubino']
bCOMOx,Matt Rubino,['Nathan Tarr']
bCOMUx,Matt Rubino,"['Nathan Tarr', 'Robert Adair']"
bCOMYx,Matt Rubino,['Nathan Tarr']
bCONIx,Jeff Lonneker,"['Jeff Lonneker', 'Nathan Tarr', 'Thomas Laxson']"
bCONWx,Matt Rubino,['Nathan Tarr']
bCOPAx,Matt Rubino,['Robert Adair']
bCOPOx,Jeff Lonneker,['Adam Radel']
bCORAx,Matt Rubino,"['Jeff Lonneker', 'Nathan Tarr']"
bCOREx,Steve Williams,"['Matthew Rubino', 'Robert Adair']"
bCOTEx,Matt Rubino,['Nathan Tarr']
bCOYEx,Jeff Lonneker,['Thomas Laxson']
bCRCAx,Matt Rubino,['Nathan Tarr']
bCRTHx,Rob Adair,['Robert Adair']
bCSWAx,Jeff Lonneker,['Adam Radel']
bCWWIx,Matt Rubino,['Nathan Tarr']
bDCCOx,Matt Rubino,"['Jeff Lonneker', 'Nathan Tarr']"
bDCFLx,Jeff Lonneker,['Adam Radel']
bDEJUx,Jeff Lonneker,"['Jeff Lonneker', 'Nathan Tarr']"
bDICKx,Jeff Lonneker,['Nathan Tarr']
bDOVEx,Jeff Lonneker,['Nathan Tarr']
bDOWOx,Matt Rubino,"['Jeff Lonneker', 'Nathan Tarr']"
bDUFLx,Jeff Lonneker,['Adam Radel']
bDUGRx,Jeff Lonneker,['Adam Radel']
bDUNLx,Jeff Lonneker,['Nathan Tarr']
bEABLx,Matt Rubino,['Adam Radel']
bEAGRx,Jeff Lonneker,['Robert Adair']
bEAKIx,Matt Rubino,"['Jeff Lonneker', 'Nathan Tarr']"
bEAMEx,Jeff Lonneker,['Adam Radel']
bEAPHx,Jeff Lonneker,['Nathan Tarr']
bEASOx,Nathan Tarr,['Adam Radel']
bEATOx,Matt Rubino,['Nathan Tarr']
bEAWPx,Matt Rubino,['Nathan Tarr']
bELOWx,Jeff Lonneker,['Adam Radel']
bELTEx,Jeff Lonneker,"['Robert Adair', 'Thomas Laxson']"
bELTRx,Jeff Lonneker,['Adam Radel']
bETSPx,Jeff Lonneker,['Nathan Tarr']
bEUCDx,Matt Rubino,['Nathan Tarr']
bEUSTx,Jeff Lonneker,"['Jeff Lonneker', 'Robert Adair', 'Thomas Laxson']"
bEUWIx,Matt Rubino,['Nathan Tarr']
bEVGRx,Jeff Lonneker,['Adam Radel']
bEWCSx,Matt Rubino,['Robert Adair']
bFEHAx,Jeff Lonneker,['Thomas Laxson']
bFEPOc,Matt Rubino,['Nathan Tarr']
bFEPOx,Matt Rubino,['Robert Adair']
bFICRx,Matt Rubino,['Adam Radel']
bFISPx,Matt Rubino,['Nathan Tarr']
bFLOWx,Jeff Lonneker,"['Ken Boykin', 'Thomas Laxson']"
bFLSJx,Jeff Lonneker,['Adam Radel']
bFOSPx,Jeff Lonneker,['Robert Adair']
bFOTEx,Matt Rubino,"['Jeff Lonneker', 'Nathan Tarr']"
bFRGUx,Steve Williams,['Adam Radel']
bFSSPx,Jeff Lonneker,['Adam Radel']
bFTSPx,Jeff Lonneker,"['Robert Adair', 'Thomas Laxson']"
bFUWDx,Steve Williams,"['Nathan Tarr', 'Robert Adair']"
bGADWx,Jeff Lonneker,['Adam Radel']
bGAQUx,Matt Rubino,['Matthew Rubino']
bGBANx,Matt Rubino,['Robert Adair']
bGBBGx,Jeff Lonneker,['Nathan Tarr']
bGBHEx,Steve Williams,"['Jeff Lonneker', 'Nathan Tarr']"
bGBTEx,Jeff Lonneker,"['Jeff Lonneker', 'Nathan Tarr', 'Robert Adair']"
bGCFLx,Matt Rubino,"['Matthew Rubino', 'Nathan Tarr']"
bGCKIx,Matt Rubino,"['Jeff Lonneker', 'Nathan Tarr']"
bGCRFx,Steve Williams,"['Matthew Rubino', 'Robert Adair']"
bGCSPx,Jeff Lonneker,['Robert Adair']
bGCWAx,Steve Williams,"['Matthew Rubino', 'Robert Adair']"
bGFWOx,Matt Rubino,['Robert Adair']
bGGOWx,Matt Rubino,['Adam Radel']
bGHOWx,Matt Rubino,"['Nathan Tarr', 'Robert Adair']"
bGIFLx,Jeff Lonneker,['Adam Radel']
bGIWOx,Jeff Lonneker,['Nathan Tarr']
bGKINx,Matt Rubino,['Robert Adair']
bGKISx,Matt Rubino,['Robert Adair']
bGLGUx,Jeff Lonneker,['Nathan Tarr']
bGLIBx,Jeff Lonneker,['Adam Radel']
bGOEAx,Jeff Lonneker,['Thomas Laxson']
bGRAJx,Jeff Lonneker,['Adam Radel']
bGRAKx,Jeff Lonneker,['Adam Radel']
bGRAPx,Jeff Lonneker,"['Jeff Lonneker', 'Robert Adair']"
bGRCAx,Steve Williams,"['Jeff Lonneker', 'Nathan Tarr']"
bGRCOx,Matt Rubino,['Nathan Tarr']
bGREGx,Steve Williams,"['Nathan Tarr', 'Robert Adair']"
bGREJx,Matt Rubino,['Robert Adair']
bGREPx,Steve Williams,['Robert Adair']
bGRFLx,Jeff Lonneker,['Adam Radel']
bGRHAx,Jeff Lonneker,['Robert Adair']
bGRHEx,Matt Rubino,"['Nathan Tarr', 'Robert Adair']"
bGRPCa,Steve Williams,['Matthew Rubino']
bGRPCp,Jeff Lonneker,"['Robert Adair', 'Thomas Laxson']"
bGRPCx,Steve Williams,"['Matthew Rubino', 'Nathan Tarr']"
bGRPEx,Jeff Lonneker,['Adam Radel']
bGRROx,Matt Rubino,['Robert Adair']
bGRSCx,Matt Rubino,['Nathan Tarr']
bGRSGx,Jeff Lonneker,['Adam Radel']
bGRSPf,Steve Williams,['Matthew Rubino']
bGRSPx,Jeff Lonneker,['Nathan Tarr']
bGRVIx,Jeff Lonneker,['Adam Radel']
bGRWAx,Matt Rubino,['Robert Adair']
bGRYEx,Steve Williams,"['Matthew Rubino', 'Nathan Tarr']"
bGTGRx,Matt Rubino,"['Nathan Tarr', 'Robert Adair']"
bGTTOx,Jeff Lonneker,['Adam Radel']
bGUSGx,Jeff Lonneker,['Adam Radel']
bGWFGe,Steve Williams,['Jeff Lonneker']
bGWFGx,Matt Rubino,['Robert Adair']
bGWGUx,Jeff Lonneker,"['Robert Adair', 'Thomas Laxson']"
bGWTEx,Matt Rubino,['Adam Radel']
bGWWAx,Matt Rubino,['Nathan Tarr']
bGYRFx,Jeff Lonneker,['Adam Radel']
bHADUx,Jeff Lonneker,"['Jeff Lonneker', 'Matthew Rubino', 'Robert Adair']"
bHAFLx,Nathan Tarr,"['Matthew Rubino', 'Robert Adair']"
bHASHx,Matt Rubino,['Robert Adair']
bHASPx,Jeff Lonneker,['Adam Radel']
bHAWOx,Matt Rubino,"['Jeff Lonneker', 'Nathan Tarr']"
bHBKIx,Jeff Lonneker,['Robert Adair']
bHEEGx,Jeff Lonneker,"['Robert Adair', 'Thomas Laxson']"
bHERGx,Matt Rubino,"['Jeff Lonneker', 'Nathan Tarr']"
bHESPx,Jeff Lonneker,['Nathan Tarr']
bHETAx,Matt Rubino,"['Robert Adair', 'Robert Adair']"
bHETHx,Jeff Lonneker,['Adam Radel']
bHEWAx,Jeff Lonneker,['Adam Radel']
bHOFIx,Matt Rubino,"['Jeff Lonneker', 'Nathan Tarr']"
bHOGRx,Matt Rubino,['Nathan Tarr']
bHOLAx,Matt Rubino,"['Jeff Lonneker', 'Nathan Tarr', 'Thomas Laxson']"
bHOMEx,Nathan Tarr,['Matthew Rubino']
bHOORx,Jeff Lonneker,['Adam Radel']
bHOREx,Matt Rubino,['Adam Radel']
bHOSPx,Matt Rubino,['Robert Adair']
bHOWAx,Matt Rubino,['Nathan Tarr']
bHOWRx,Steve Williams,['Matthew Rubino']
bHUVIx,Nathan Tarr,"['Matthew Rubino', 'Robert Adair']"
bICGUx,Matt Rubino,['Nathan Tarr']
bINBUx,Matt Rubino,['Nathan Tarr']
bINDOx,Jeff Lonneker,['Robert Adair']
bISSJx,Jeff Lonneker,['Robert Adair']
bJUTIx,Nathan Tarr,['Adam Radel']
bKEWAx,Matt Rubino,['Nathan Tarr']
bKIEIx,Jeff Lonneker,['Nathan Tarr']
bKILLx,Matt Rubino,"['Jeff Lonneker', 'Nathan Tarr']"
bKIRAx,Jeff Lonneker,"['Nathan Tarr', 'Robert Adair']"
bKIWAx,Nathan Tarr,['Robert Adair']
bLAGOx,Jeff Lonneker,['Adam Radel']
bLAGUx,Steve Williams,"['Matthew Rubino', 'Nathan Tarr']"
bLALOx,Steve Williams,['Nathan Tarr']
bLARBx,Steve Williams,['Adam Radel']
bLASPx,Matt Rubino,"['Jeff Lonneker', 'Nathan Tarr']"
bLAZBx,Jeff Lonneker,"['Nathan Tarr', 'Robert Adair']"
bLBBGx,Matt Rubino,['Adam Radel']
bLBCUx,Jeff Lonneker,['Thomas Laxson']
bLBDOx,Jeff Lonneker,['Nathan Tarr']
bLBHEx,Matt Rubino,['Nathan Tarr']
bLBTHx,Jeff Lonneker,['Adam Radel']
bLBWOx,Jeff Lonneker,['Adam Radel']
bLCSPx,Matt Rubino,['Nathan Tarr']
bLCTHx,Jeff Lonneker,['Adam Radel']
bLEBIx,Matt Rubino,"['Jeff Lonneker', 'Nathan Tarr']"
bLEFLx,Steve Williams,['Nathan Tarr']
bLEGOx,Nathan Tarr,"['Matthew Rubino', 'Robert Adair']"
bLEGRx,Rob Adair,['Adam Radel']
bLENIx,Rob Adair,['Robert Adair']
bLEOWx,Steve Williams,['Matthew Rubino']
bLEPCx,Jeff Lonneker,"['Robert Adair', 'Thomas Laxson']"
bLESAx,Rob Adair,['Nathan Tarr']
bLESCx,Jeff Lonneker,['Adam Radel']
bLESPx,Steve Williams,['Adam Radel']
bLETEa,Matt Rubino,['Adam Radel']
bLETEb,Matt Rubino,['Adam Radel']
bLETEx,Matt Rubino,"['Nathan Tarr', 'Thomas Laxson']"
bLEWOx,Jeff Lonneker,['Thomas Laxson']
bLEYEx,Jeff Lonneker,['Nathan Tarr']
bLIGUx,Jeff Lonneker,"['Nathan Tarr', 'Robert Adair']"
bLIMPx,Jeff Lonneker,['Adam Radel']
bLISPx,Steve Williams,['Adam Radel']
bLOSHx,Jeff Lonneker,"['Nathan Tarr', 'Thomas Laxson']"
bLOWAx,Steve Williams,['Robert Adair']
bLTDUx,Matt Rubino,"['Jeff Lonneker', 'Nathan Tarr']"
bLUHUx,Jeff Lonneker,['Robert Adair']
bLUWAx,Nathan Tarr,['Matthew Rubino']
bMABOx,Jeff Lonneker,"['Matthew Rubino', 'Nathan Tarr']"
bMACUx,Jeff Lonneker,['Adam Radel']
bMADUx,Jeff Lonneker,['Robert Adair']
bMAFRx,Rob Adair,['Adam Radel']
bMAGOx,Nathan Tarr,"['Matthew Rubino', 'Robert Adair']"
bMAHUx,Jeff Lonneker,['Adam Radel']
bMALLx,Rob Adair,['Nathan Tarr']
bMAMUx,Jeff Lonneker,"['Matthew Rubino', 'Robert Adair']"
bMASHx,Nathan Tarr,"['Matthew Rubino', 'Robert Adair']"
bMAWAx,Jeff Lonneker,['Nathan Tarr']
bMAWRx,Jeff Lonneker,['Adam Radel']
bMCLOx,Nathan Tarr,"['Matthew Rubino', 'Robert Adair']"
bMECHx,Jeff Lonneker,['Adam Radel']
bMEGUx,Jeff Lonneker,"['Robert Adair', 'Thomas Laxson']"
bMEJAx,Rob Adair,['Robert Adair']
bMERLx,Matt Rubino,['Adam Radel']
bMGWAx,Nathan Tarr,"['Matthew Rubino', 'Robert Adair']"
bMIKIx,Steve Williams,['Adam Radel']
bMIPAx,Nathan Tarr,"['Matthew Rubino', 'Robert Adair']"
bMOBLx,Jeff Lonneker,['Adam Radel']
bMOCHx,Nathan Tarr,['Matthew Rubino']
bMODOx,Matt Rubino,['Nathan Tarr']
bMODUx,Rob Adair,['Nathan Tarr']
bMONQx,Jeff Lonneker,"['Robert Adair', 'Robert Adair']"
bMOPAx,Rob Adair,['Nathan Tarr']
bMOPLx,Jeff Lonneker,"['Robert Adair', 'Thomas Laxson']"
bMOUQx,Jeff Lonneker,['Adam Radel']
bMOWAx,Steve Williams,['Nathan Tarr']
bMUDUx,Rob Adair,['Robert Adair']
bMUSWx,Rob Adair,['Adam Radel']
bNAWAx,Jeff Lonneker,['Robert Adair']
bNECOx,Steve Williams,"['Matthew Rubino', 'Robert Adair']"
bNOBOx,Steve Williams,"['Jeff Lonneker', 'Nathan Tarr']"
bNOBTx,Jeff Lonneker,['Robert Adair']
bNOCAx,Rob Adair,['Nathan Tarr']
bNOCRx,Jeff Lonneker,"['Robert Adair', 'Thomas Laxson']"
bNOFLx,Matt Rubino,"['Jeff Lonneker', 'Nathan Tarr']"
bNOGOx,Jeff Lonneker,"['Matthew Rubino', 'Thomas Laxson']"
bNOHAx,Matt Rubino,"['Nathan Tarr', 'Thomas Laxson']"
bNOMOx,Steve Williams,"['Nathan Tarr', 'Robert Adair']"
bNOPAx,Steve Williams,['Nathan Tarr']
bNOPIx,Jeff Lonneker,"['Robert Adair', 'Thomas Laxson']"
bNOPOc,Matt Rubino,['Nathan Tarr']
bNOPOg,Steve Williams,['Adam Radel']
bNOPOx,Matt Rubino,"['Nathan Tarr', 'Robert Adair']"
bNOWAx,Steve Williams,['Adam Radel']
bNRWSx,Matt Rubino,"['Jeff Lonneker', 'Nathan Tarr']"
bNSHOx,Steve Williams,['Robert Adair']
bNSHRx,Steve Williams,['Adam Radel']
bNSTSx,Steve Williams,['Nathan Tarr']
bNSWOx,Nathan Tarr,['Matthew Rubino']
bNUWOx,Nathan Tarr,['Matthew Rubino']
bOATIx,Matt Rubino,['Nathan Tarr']
bOCWAx,Jeff Lonneker,['Robert Adair']
bOLSPx,Rob Adair,['Robert Adair']
bOLWAx,Jeff Lonneker,['Adam Radel']
bORORx,Jeff Lonneker,['Nathan Tarr']
bOSFLx,Jeff Lonneker,['Thomas Laxson']
bOSPRx,Matt Rubino,"['Jeff Lonneker', 'Nathan Tarr', 'Thomas Laxson']"
bOVENx,Matt Rubino,"['Jeff Lonneker', 'Nathan Tarr']"
bPABUx,Jeff Lonneker,['Robert Adair']
bPAGPx,Jeff Lonneker,['Robert Adair']
bPAJAx,Steve Williams,['Robert Adair']
bPALOx,Steve Williams,"['Robert Adair', 'Thomas Laxson']"
bPAREx,Jeff Lonneker,['Robert Adair']
bPAWAx,Jeff Lonneker,['Nathan Tarr']
bPBGRx,Matt Rubino,"['Jeff Lonneker', 'Nathan Tarr']"
bPECOx,Jeff Lonneker,"['Robert Adair', 'Thomas Laxson']"
bPEFAx,Matt Rubino,['Thomas Laxson']
bPHAIx,Steve Williams,['Adam Radel']
bPHVIx,Steve Williams,['Nathan Tarr']
bPIGRx,Jeff Lonneker,['Adam Radel']
bPIGUx,Nathan Tarr,['Robert Adair']
bPIJAx,Jeff Lonneker,['Adam Radel']
bPIPLx,Jeff Lonneker,"['Jeff Lonneker', 'Nathan Tarr']"
bPISIx,Jeff Lonneker,['Nathan Tarr']
bPIWAx,Rob Adair,['Nathan Tarr']
bPIWOx,Rob Adair,"['Nathan Tarr', 'Thomas Laxson']"
bPLCHx,Matt Rubino,['Robert Adair']
bPLVIx,Nathan Tarr,"['Matthew Rubino', 'Robert Adair']"
bPRAWx,Steve Williams,['Adam Radel']
bPRFAx,Matt Rubino,"['Nathan Tarr', 'Robert Adair']"
bPROWx,Nathan Tarr,['Nathan Tarr']
bPSFLx,Steve Williams,['Matthew Rubino']
bPUFIx,Matt Rubino,"['Jeff Lonneker', 'Nathan Tarr']"
bPUGAx,Jeff Lonneker,['Nathan Tarr']
bPUMAx,Jeff Lonneker,"['Matthew Rubino', 'Robert Adair']"
bPUSAx,Steve Williams,['Nathan Tarr']
bPYNUx,Nathan Tarr,['Matthew Rubino']
bPYRRx,Jeff Lonneker,['Robert Adair']
bRAZOx,Nathan Tarr,"['Matthew Rubino', 'Robert Adair']"
bRBGRx,Matt Rubino,"['Jeff Lonneker', 'Nathan Tarr']"
bRBGUx,Steve Williams,['Adam Radel']
bRBMEx,Steve Williams,"['Matthew Rubino', 'Nathan Tarr']"
bRBNUx,Nathan Tarr,['Matthew Rubino']
bRBPIx,Steve Williams,['Robert Adair']
bRBSAx,Nathan Tarr,"['Matthew Rubino', 'Robert Adair']"
bRBWOx,Steve Williams,['Nathan Tarr']
bRCKIx,Jeff Lonneker,['Adam Radel']
bRCPAx,Steve Williams,"['Robert Adair', 'Robert Adair']"
bRCSPx,Matt Rubino,['Robert Adair']
bRCWOx,Steve Williams,['Nathan Tarr']
bRECRx,Rob Adair,['Robert Adair']
bREDHx,Jeff Lonneker,['Nathan Tarr']
bREEGx,Steve Williams,['Nathan Tarr']
bREKNx,Steve Williams,['Matthew Rubino']
bREPHx,Steve Williams,['Nathan Tarr']
bREVIx,Matt Rubino,"['Nathan Tarr', 'Robert Adair']"
bRFWAx,Jeff Lonneker,['Adam Radel']
bRHAUx,Jeff Lonneker,"['Robert Adair', 'Thomas Laxson']"
bRHWOx,Steve Williams,['Adam Radel']
bRLHAx,Jeff Lonneker,['Adam Radel']
bRNDUx,Jeff Lonneker,['Adam Radel']
bRNEPx,Matt Rubino,"['Jeff Lonneker', 'Nathan Tarr']"
bRNGRx,Steve Williams,['Adam Radel']
bRNSAx,Jeff Lonneker,['Adam Radel']
bROGOx,Steve Williams,['Adam Radel']
bROPIx,Matt Rubino,"['Jeff Lonneker', 'Nathan Tarr']"
bROSAx,Jeff Lonneker,"['Robert Adair', 'Thomas Laxson']"
bROSPx,Rob Adair,['Nathan Tarr']
bROSTx,Steve Williams,['Nathan Tarr']
bROWRx,Matt Rubino,"['Nathan Tarr', 'Robert Adair']"
bROYTx,Steve Williams,['Nathan Tarr']
bRSHAx,Jeff Lonneker,"['Jeff Lonneker', 'Nathan Tarr']"
bRTBEx,Jeff Lonneker,['Robert Adair']
bRTHAx,Matt Rubino,"['Jeff Lonneker', 'Nathan Tarr']"
bRTHUx,Steve Williams,['Nathan Tarr']
bRTLOx,Rob Adair,['Nathan Tarr']
bRUBLx,Jeff Lonneker,['Nathan Tarr']
bRUDUx,Steve Williams,['Adam Radel']
bRUGRx,Matt Rubino,"['Jeff Lonneker', 'Nathan Tarr', 'Robert Adair']"
bRUHUx,Nathan Tarr,"['Matthew Rubino', 'Robert Adair']"
bRUTUx,Matt Rubino,"['Jeff Lonneker', 'Nathan Tarr']"
bRWBLx,Matt Rubino,"['Nathan Tarr', 'Robert Adair']"
bRWSPx,Jeff Lonneker,['Adam Radel']
bSACRx,Steve Williams,"['Robert Adair', 'Thomas Laxson']"
bSAGSa,Nathan Tarr,['Adam Radel']
bSAGSb,Matt Rubino,['Adam Radel']
bSAGSc,Matt Rubino,['Adam Radel']
bSAGSn,Matt Rubino,['Adam Radel']
bSAGSx,Jeff Lonneker,"['Nathan Tarr', 'Robert Adair', 'Thomas Laxson']"
bSANDx,Steve Williams,['Robert Adair']
bSAPHx,Steve Williams,"['Matthew Rubino', 'Robert Adair']"
bSATEx,Rob Adair,['Nathan Tarr']
bSATHx,Jeff Lonneker,['Adam Radel']
bSAVSx,Matt Rubino,"['Jeff Lonneker', 'Nathan Tarr']"
bSBAOx,Jeff Lonneker,['Adam Radel']
bSBDOx,Nathan Tarr,"['Matthew Rubino', 'Robert Adair']"
bSBFLx,Steve Williams,['Adam Radel']
bSBORx,Jeff Lonneker,['Nathan Tarr']
bSCORx,Nathan Tarr,"['Matthew Rubino', 'Robert Adair']"
bSCQUx,Jeff Lonneker,['Robert Adair']
bSCTAx,Matt Rubino,['Nathan Tarr']
bSEOWx,Matt Rubino,"['Jeff Lonneker', 'Nathan Tarr', 'Thomas Laxson']"
bSEPLx,Rob Adair,['Nathan Tarr']
bSESPx,Jeff Lonneker,['Nathan Tarr']
bSEWRx,Jeff Lonneker,['Nathan Tarr']
bSHCOx,Jeff Lonneker,['Adam Radel']
bSMLOx,Jeff Lonneker,['Nathan Tarr']
bSNBUx,Jeff Lonneker,['Adam Radel']
bSNEGx,Matt Rubino,"['Nathan Tarr', 'Thomas Laxson']"
bSNGOx,Matt Rubino,['Robert Adair']
bSNKIx,Jeff Lonneker,['Adam Radel']
bSNOWx,Jeff Lonneker,['Adam Radel']
bSNPLn,Matt Rubino,"['Jeff Lonneker', 'Nathan Tarr']"
bSNPLx,Jeff Lonneker,"['Nathan Tarr', 'Robert Adair', 'Thomas Laxson']"
bSOGRx,Jeff Lonneker,['Adam Radel']
bSORAx,Matt Rubino,"['Jeff Lonneker', 'Nathan Tarr']"
bSOSAx,Matt Rubino,['Nathan Tarr']
bSOSPx,Rob Adair,['Adam Radel']
bSOTEx,Rob Adair,['Nathan Tarr']
bSPDOx,Jeff Lonneker,['Thomas Laxson']
bSPGRx,Jeff Lonneker,['Adam Radel']
bSPOWc,Matt Rubino,['Nathan Tarr']
bSPOWl,Steve Williams,['Nathan Tarr']
bSPOWo,Matt Rubino,['Nathan Tarr']
bSPOWx,Jeff Lonneker,"['Nathan Tarr', 'Thomas Laxson']"
bSPPIx,Rob Adair,['Thomas Laxson']
bSPSAx,Matt Rubino,"['Jeff Lonneker', 'Nathan Tarr']"
bSPTOx,Matt Rubino,"['Nathan Tarr', 'Robert Adair']"
bSSHAx,Matt Rubino,"['Jeff Lonneker', 'Nathan Tarr']"
bSSTSx,Rob Adair,['Nathan Tarr']
bSTFLx,Rob Adair,['Nathan Tarr']
bSTGRa,Matt Rubino,['Adam Radel']
bSTGRc,Matt Rubino,['Nathan Tarr']
bSTGRj,Matt Rubino,['Adam Radel']
bSTGRx,Jeff Lonneker,"['Nathan Tarr', 'Robert Adair', 'Thomas Laxson']"
bSTHAx,Jeff Lonneker,['Adam Radel']
bSTJAx,Nathan Tarr,"['Matthew Rubino', 'Robert Adair']"
bSTKIx,Rob Adair,['Nathan Tarr']
bSTSAx,Matt Rubino,['Nathan Tarr']
bSURFx,Jeff Lonneker,"['Robert Adair', 'Thomas Laxson']"
bSUSCx,Rob Adair,['Nathan Tarr']
bSUTAx,Jeff Lonneker,['Nathan Tarr']
bSWHAx,Matt Rubino,"['Jeff Lonneker', 'Thomas Laxson']"
bSWSPx,Rob Adair,['Nathan Tarr']
bSWTHx,Jeff Lonneker,"['Nathan Tarr', 'Robert Adair']"
bSWWAx,Jeff Lonneker,['Nathan Tarr']
bTACRx,Rob Adair,['Adam Radel']
bTBKIx,Jeff Lonneker,['Adam Radel']
bTBMUx,Matt Rubino,"['Nathan Tarr', 'Robert Adair']"
bTEWAx,Jeff Lonneker,['Nathan Tarr']
bTHGUx,Nathan Tarr,"['Matthew Rubino', 'Robert Adair']"
bTOSOx,Nathan Tarr,"['Matthew Rubino', 'Robert Adair']"
bTOWAx,Nathan Tarr,"['Matthew Rubino', 'Robert Adair']"
bTRBLx,Steve Williams,['Adam Radel']
bTRESx,Nathan Tarr,"['Matthew Rubino', 'Nathan Tarr']"
bTRHEx,Rob Adair,['Nathan Tarr']
bTRKIx,Jeff Lonneker,['Adam Radel']
bTRPAx,Jeff Lonneker,['Robert Adair']
bTRUSx,Jeff Lonneker,['Matthew Rubino']
bTUPUx,Jeff Lonneker,['Robert Adair']
bTUTIx,Matt Rubino,['Nathan Tarr']
bTUVUx,Matt Rubino,['Nathan Tarr']
bUPSAx,Jeff Lonneker,"['Matthew Rubino', 'Nathan Tarr']"
bVABUx,Jeff Lonneker,['Robert Adair']
bVASWx,Jeff Lonneker,['Adam Radel']
bVATHx,Matt Rubino,"['Nathan Tarr', 'Robert Adair']"
bVCHUx,Jeff Lonneker,['Adam Radel']
bVEERx,Matt Rubino,"['Jeff Lonneker', 'Nathan Tarr']"
bVEFLx,Jeff Lonneker,"['Robert Adair', 'Robert Adair']"
bVERDx,Matt Rubino,['Robert Adair']
bVESPa,Steve Williams,['Matthew Rubino']
bVESPx,Nathan Tarr,"['Matthew Rubino', 'Robert Adair']"
bVGSWx,Nathan Tarr,['Matthew Rubino']
bVIRAx,Matt Rubino,"['Jeff Lonneker', 'Nathan Tarr']"
bVIWAx,Jeff Lonneker,['Adam Radel']
bWATAx,Jeff Lonneker,['Robert Adair']
bWAVIx,Matt Rubino,"['Jeff Lonneker', 'Nathan Tarr']"
bWBNUx,Jeff Lonneker,"['Nathan Tarr', 'Robert Adair']"
bWCPIx,Jeff Lonneker,['Adam Radel']
bWCSEx,Jeff Lonneker,['Robert Adair']
bWEBLx,Jeff Lonneker,['Robert Adair']
bWEGRx,Matt Rubino,"['Nathan Tarr', 'Robert Adair']"
bWEGUx,Jeff Lonneker,['Robert Adair']
bWEKIx,Steve Williams,['Matthew Rubino']
bWEMEx,Jeff Lonneker,['Adam Radel']
bWESAx,Matt Rubino,['Nathan Tarr']
bWESJx,Jeff Lonneker,"['Robert Adair', 'Thomas Laxson']"
bWESOx,Jeff Lonneker,['Adam Radel']
bWETAx,Jeff Lonneker,['Robert Adair']
bWEVIx,Matt Rubino,['Nathan Tarr']
bWEWAx,Matt Rubino,['Nathan Tarr']
bWEWPx,Jeff Lonneker,"['Robert Adair', 'Thomas Laxson']"
bWFIBx,Matt Rubino,"['Nathan Tarr', 'Robert Adair']"
bWHCRx,Steve Williams,"['Robert Adair', 'Thomas Laxson']"
bWHIBx,Rob Adair,['Nathan Tarr']
bWHIMx,Steve Williams,"['Matthew Rubino', 'Robert Adair']"
bWHSOx,Jeff Lonneker,['Adam Radel']
bWHSWx,Rob Adair,['Adam Radel']
bWHWOx,Jeff Lonneker,['Adam Radel']
bWIFLx,Jeff Lonneker,"['Ken Boykin', 'Thomas Laxson']"
bWILLx,Matt Rubino,"['Jeff Lonneker', 'Nathan Tarr']"
bWIPHx,Rob Adair,['Thomas Laxson']
bWIPLx,Matt Rubino,"['Jeff Lonneker', 'Nathan Tarr']"
bWISAx,Jeff Lonneker,['Adam Radel']
bWISNx,Jeff Lonneker,['Nathan Tarr']
bWITUi,Matt Rubino,['Nathan Tarr']
bWITUm,Matt Rubino,['Nathan Tarr']
bWITUx,Matt Rubino,['Nathan Tarr']
bWIWAx,Jeff Lonneker,['Adam Radel']
bWIWRx,Steve Williams,"['Nathan Tarr', 'Robert Adair']"
bWODUx,Nathan Tarr,"['Matthew Rubino', 'Robert Adair', 'Robert Adair']"
bWOSTx,Steve Williams,['Robert Adair']
bWOTHx,Rob Adair,['Nathan Tarr']
bWPWIx,Jeff Lonneker,['Nathan Tarr']
bWRENx,Matt Rubino,['Robert Adair']
bWTDOx,Jeff Lonneker,['Adam Radel']
bWTHAx,Rob Adair,['Robert Adair']
bWTKIx,Matt Rubino,"['Nathan Tarr', 'Robert Adair']"
bWTPTx,Jeff Lonneker,"['Robert Adair', 'Thomas Laxson']"
bWTSPx,Jeff Lonneker,['Nathan Tarr']
bWTSWx,Steve Williams,"['Jeff Lonneker', 'Nathan Tarr', 'Robert Adair']"
bWWCRx,Matt Rubino,['Adam Radel']
bWWDOx,Jeff Lonneker,['Nathan Tarr']
bWWSCx,Rob Adair,['Adam Radel']
bXAMUx,Matt Rubino,"['Nathan Tarr', 'Robert Adair']"
bYBCHx,Jeff Lonneker,['Nathan Tarr']
bYBCUx,Jeff Lonneker,"['Ken Boykin', 'Nathan Tarr', 'Robert Adair', 'Thomas Laxson']"
bYBFLx,Matt Rubino,['Jeff Lonneker']
bYBMAx,Nathan Tarr,['Matthew Rubino']
bYBSAx,Steve Williams,"['Matthew Rubino', 'Nathan Tarr']"
bYCNHx,Jeff Lonneker,['Nathan Tarr']
bYEJUx,Matt Rubino,['Nathan Tarr']
bYERAx,Rob Adair,"['Matthew Rubino', 'Nathan Tarr']"
bYFGUx,Jeff Lonneker,['Thomas Laxson']
bYGVIx,Matt Rubino,['Robert Adair']
bYHBLx,Jeff Lonneker,['Adam Radel']
bYRWAx,Jeff Lonneker,['Adam Radel']
bYTVIx,Steve Williams,['Nathan Tarr']
bYTWAx,Matt Rubino,['Nathan Tarr']
bYWARx,Matt Rubino,['Adam Radel']
bZTHAx,Jeff Lonneker,['Robert Adair']
mABBEf,Nathan Tarr,"['Matthew Rubino', 'Thomas Laxson']"
mABBEl,Nathan Tarr,['Matthew Rubino']
mABBEx,Nathan Tarr,"['Matthew Rubino', 'Thomas Laxson']"
mABEBx,Jeff Lonneker,"['Ken Boykin', 'Thomas Laxson']"
mABSQk,Matt Rubino,['Nathan Tarr']
mABSQx,Jeff Lonneker,"['Nathan Tarr', 'Thomas Laxson']"
mACRAc,Jeff Lonneker,['Thomas Laxson']
mACRAp,Jeff Lonneker,"['Thomas Laxson', 'Adam Radel']"
mACRAx,Jeff Lonneker,"['Ken Boykin', 'Thomas Laxson']"
mACSHx,Jeff Lonneker,['Thomas Laxson']
mAGSQx,Jeff Lonneker,['Adam Radel']
mAHNSx,Jeff Lonneker,"['Nathan Tarr', 'Thomas Laxson']"
mAKRAx,Jeff Lonneker,['Thomas Laxson']
mALCHx,Jeff Lonneker,['Thomas Laxson']
mALWOx,Steve Williams,"['Matthew Rubino', 'Thomas Laxson']"
mAMBAx,Jeff Lonneker,['Thomas Laxson']
mAMBEx,Nathan Tarr,['Matthew Rubino']
mAMMAx,Jeff Lonneker,"['Ken Boykin', 'Thomas Laxson', 'Thomas Laxson']"
mAMMIx,Nathan Tarr,"['Matthew Rubino', 'Thomas Laxson']"
mANJAx,Jeff Lonneker,['Adam Radel']
mAPCOx,Nathan Tarr,['Matthew Rubino']
mAPGOx,Nathan Tarr,"['Matthew Rubino', 'Thomas Laxson']"
mAPMOx,Jeff Lonneker,['Ken Boykin']
mAPSHx,Jeff Lonneker,['Thomas Laxson']
mARMYx,Jeff Lonneker,['Thomas Laxson']
mARSHx,Jeff Lonneker,['Adam Radel']
mAWSHx,Jeff Lonneker,['Adam Radel']
mAZWOx,Jeff Lonneker,['Ken Boykin']
mBASHx,Steve Williams,['Matthew Rubino']
mBBBAx,Matt Rubino,"['Nathan Tarr', 'Thomas Laxson']"
mBCPMx,Steve Williams,['Matthew Rubino']
mBDSHx,Matt Rubino,['Adam Radel']
mBEDEx,Nathan Tarr,['Nathan Tarr']
mBEWOx,Nathan Tarr,['Matthew Rubino']
mBFFEx,Steve Williams,"['Thomas Laxson', 'Thomas Laxson']"
mBFMOx,Nathan Tarr,['Matthew Rubino']
mBFTBx,Jeff Lonneker,['Thomas Laxson']
mBGSQx,Matt Rubino,['Nathan Tarr']
mBISHx,Jeff Lonneker,"['Ken Boykin', 'Thomas Laxson', 'Thomas Laxson']"
mBISOx,Nathan Tarr,['Matthew Rubino']
mBOBCx,Nathan Tarr,['Matthew Rubino']
mBOGOx,Steve Williams,"['Thomas Laxson', 'Thomas Laxson']"
mBPGOx,Nathan Tarr,['Matthew Rubino']
mBPMOx,Jeff Lonneker,"['Ken Boykin', 'Matthew Rubino']"
mBRBEx,Steve Williams,"['Ken Boykin', 'Thomas Laxson']"
mBRDEx,Nathan Tarr,['Matthew Rubino']
mBRRAx,Nathan Tarr,['Matthew Rubino']
mBRRTx,Steve Williams,['Matthew Rubino']
mBTJAx,Nathan Tarr,['Matthew Rubino']
mBTKRx,Nathan Tarr,['Matthew Rubino']
mBTWOx,Steve Williams,['Matthew Rubino']
mCADEx,Matt Rubino,['Nathan Tarr']
mCALYx,Jeff Lonneker,['Ken Boykin']
mCAMYx,Jeff Lonneker,['Adam Radel']
mCARIc,Nathan Tarr,['Matthew Rubino']
mCARIx,Steve Williams,['Matthew Rubino']
mCASEx,Jeff Lonneker,['Thomas Laxson']
mCASQx,Jeff Lonneker,['Ken Boykin']
mCAVOc,Steve Williams,['Matthew Rubino']
mCAVOx,Nathan Tarr,['Matthew Rubino']
mCCDEx,Nathan Tarr,['Nathan Tarr']
mCFCHx,Nathan Tarr,['Matthew Rubino']
mCGGSx,Matt Rubino,['Nathan Tarr']
mCGMOx,Nathan Tarr,['Matthew Rubino']
mCGSHx,Matt Rubino,['Adam Radel']
mCHITx,Steve Williams,['Matthew Rubino']
mCHPMx,Steve Williams,['Matthew Rubino']
mCISHx,Nathan Tarr,['Ken Boykin']
mCKRAx,Nathan Tarr,['Matthew Rubino']
mCLCHx,Nathan Tarr,['Matthew Rubino']
mCLEBx,Jeff Lonneker,['Ken Boykin']
mCLOBx,Jeff Lonneker,['Adam Radel']
mCMMUx,Nathan Tarr,['Matthew Rubino']
mCNDEx,Nathan Tarr,['Matthew Rubino']
mCOCHx,Nathan Tarr,['Matthew Rubino']
mCODEx,Nathan Tarr,['Matthew Rubino']
mCOORx,Nathan Tarr,['Matthew Rubino']
mCOPEx,Nathan Tarr,['Matthew Rubino']
mCOSQx,Matt Rubino,['Nathan Tarr']
mCOUGc,Nathan Tarr,['Matthew Rubino']
mCOUGx,Jeff Lonneker,"['Matthew Rubino', 'Thomas Laxson']"
mCOYOx,Matt Rubino,['Matthew Rubino']
mCOYPx,Nathan Tarr,['Matthew Rubino']
mCPGOx,Matt Rubino,['Nathan Tarr']
mCPMOx,Nathan Tarr,['Matthew Rubino']
mCRGSx,Matt Rubino,['Nathan Tarr']
mCRVOx,Nathan Tarr,['Matthew Rubino']
mCSMOx,Nathan Tarr,['Matthew Rubino']
mCTKRx,Nathan Tarr,['Matthew Rubino']
mCTPGx,Nathan Tarr,"['Matthew Rubino', 'Thomas Laxson']"
mCVMYx,Matt Rubino,['Matthew Rubino']
mDECOx,Nathan Tarr,['Matthew Rubino']
mDEWOx,Nathan Tarr,['Matthew Rubino']
mDFWOs,Nathan Tarr,['Matthew Rubino']
mDFWOx,Nathan Tarr,['Matthew Rubino']
mDKMOn,Steve Williams,['Matthew Rubino']
mDKMOx,Nathan Tarr,['Matthew Rubino']
mDKRAx,Jeff Lonneker,['Ken Boykin']
mDOSQx,Jeff Lonneker,['Ken Boykin']
mDPGOx,Jeff Lonneker,['Adam Radel']
mDPMOx,Nathan Tarr,['Matthew Rubino']
mDUSHx,Matt Rubino,['Nathan Tarr']
mDWSHx,Jeff Lonneker,['Thomas Laxson']
mDZRAx,Nathan Tarr,['Matthew Rubino']
mEACHx,Nathan Tarr,['Matthew Rubino']
mEACOx,Steve Williams,['Matthew Rubino']
mEAMOa,Nathan Tarr,['Matthew Rubino']
mEAMOt,Nathan Tarr,['Matthew Rubino']
mEAMOx,Nathan Tarr,['Matthew Rubino']
mEAPIx,Matt Rubino,"['Nathan Tarr', 'Thomas Laxson']"
mEAWOs,Nathan Tarr,['Matthew Rubino']
mEAWOx,Nathan Tarr,['Matthew Rubino']
mEBSQx,Steve Williams,['Matthew Rubino']
mEFSQa,Steve Williams,['Matthew Rubino']
mEFSQc,Steve Williams,['Matthew Rubino']
mEFSQx,Steve Williams,['Matthew Rubino']
mEHMOx,Steve Williams,['Matthew Rubino']
mEHVOx,Steve Williams,['Matthew Rubino']
mELK1r,Nathan Tarr,['Matthew Rubino']
mELK1t,Nathan Tarr,['Matthew Rubino']
mELK1x,Nathan Tarr,"['Jocelyn Aycrigg', 'Matthew Rubino']"
mERBAx,Matt Rubino,"['Nathan Tarr', 'Thomas Laxson']"
mERMIx,Steve Williams,['Matthew Rubino']
mESFMx,Matt Rubino,['Adam Radel']
mESSKx,Jeff Lonneker,['Adam Radel']
mESTSx,Matt Rubino,['Nathan Tarr']
mEVBAx,Matt Rubino,"['Nathan Tarr', 'Thomas Laxson']"
mFADEx,Nathan Tarr,['Matthew Rubino']
mFBBAx,Steve Williams,['Nathan Tarr']
mFGSQx,Nathan Tarr,['Matthew Rubino']
mFHMOx,Nathan Tarr,['Matthew Rubino']
mFISHx,Jeff Lonneker,['Ken Boykin']
mFLDEx,Steve Williams,['Adam Radel']
mFOSHx,Matt Rubino,['Nathan Tarr']
mFRMYx,Jeff Lonneker,"['Ken Boykin', 'Thomas Laxson']"
mGBBAx,Jeff Lonneker,"['Ken Boykin', 'Nathan Tarr']"
mGBPMx,Jeff Lonneker,['Adam Radel']
mGCCHx,Jeff Lonneker,['Adam Radel']
mGCKRx,Steve Williams,['Matthew Rubino']
mGEMSx,Nathan Tarr,['Matthew Rubino']
mGFCHx,Steve Williams,['Matthew Rubino']
mGFSEx,Jeff Lonneker,['Thomas Laxson']
mGKRAx,Nathan Tarr,['Matthew Rubino']
mGMGSb,Nathan Tarr,['Matthew Rubino']
mGMGSx,Nathan Tarr,['Matthew Rubino']
mGOMOx,Steve Williams,['Matthew Rubino']
mGPDOx,Jeff Lonneker,['Adam Radel']
mGRFOx,Nathan Tarr,['Matthew Rubino']
mGRMYx,Matt Rubino,['Nathan Tarr']
mGRWOb,Nathan Tarr,['Matthew Rubino']
mGRWOr,Jeff Lonneker,['Adam Radel']
mGRWOx,Jeff Lonneker,"['Ken Boykin', 'Thomas Laxson']"
mGTVOx,Steve Williams,['Matthew Rubino']
mHASEx,Jeff Lonneker,['Thomas Laxson']
mHASQx,Jeff Lonneker,"['Ken Boykin', 'Ken Boykin']"
mHCRAx,Nathan Tarr,['Matthew Rubino']
mHITAx,Steve Williams,['Matthew Rubino']
mHKRAm,Steve Williams,['Matthew Rubino']
mHKRAx,Steve Williams,['Matthew Rubino']
mHOBAx,Jeff Lonneker,"['Thomas Laxson', 'Thomas Laxson']"
mHOCHx,Steve Williams,['Matthew Rubino']
mHOMAx,Matt Rubino,['Nathan Tarr']
mHOMOx,Steve Williams,['Matthew Rubino']
mHORSx,Steve Williams,['Matthew Rubino']
mHOSKx,Jeff Lonneker,['Adam Radel']
mHPMOx,Steve Williams,['Matthew Rubino']
mHTMOx,Nathan Tarr,['Matthew Rubino']
mIGSQb,Steve Williams,['Matthew Rubino']
mIGSQe,Steve Williams,['Matthew Rubino']
mIGSQx,Steve Williams,['Matthew Rubino']
mINMYx,Matt Rubino,['Nathan Tarr']
mINSHx,Jeff Lonneker,['Ken Boykin']
mIPGOx,Nathan Tarr,['Matthew Rubino']
mISFOc,Steve Williams,['Matthew Rubino']
mISFOd,Steve Williams,['Matthew Rubino']
mISFOl,Steve Williams,['Matthew Rubino']
mISFOr,Steve Williams,['Matthew Rubino']
mISFOs,Steve Williams,['Matthew Rubino']
mISFOx,Steve Williams,['Matthew Rubino']
mJAGDc,Steve Williams,['Matthew Rubino']
mJAGDx,Steve Williams,['Matthew Rubino']
mJAGUx,Jeff Lonneker,['Adam Radel']
mJFEBx,Jeff Lonneker,['Adam Radel']
mKEMYx,Matt Rubino,['Thomas Laxson']
mKIFOm,Nathan Tarr,['Matthew Rubino']
mKIFOx,Jeff Lonneker,['Ken Boykin']
mKJPGx,Nathan Tarr,['Matthew Rubino']
mLBMYx,Jeff Lonneker,['Thomas Laxson']
mLECHa,Steve Williams,['Matthew Rubino']
mLECHc,Steve Williams,['Matthew Rubino']
mLECHt,Steve Williams,['Matthew Rubino']
mLECHx,Steve Williams,['Matthew Rubino']
mLEMYx,Jeff Lonneker,['Adam Radel']
mLEWEx,Matt Rubino,['Nathan Tarr']
mLLMYx,Jeff Lonneker,['Thomas Laxson']
mLOCHc,Steve Williams,['Matthew Rubino']
mLOCHx,Jeff Lonneker,"['Ken Boykin', 'Matthew Rubino']"
mLOECx,Jeff Lonneker,['Ken Boykin']
mLPMOp,Jeff Lonneker,['Matthew Rubino']
mLPMOx,Nathan Tarr,['Matthew Rubino']
mLTPMx,Nathan Tarr,['Matthew Rubino']
mLTSHx,Matt Rubino,['Nathan Tarr']
mLTVOl,Nathan Tarr,['Matthew Rubino']
mLTVOx,Nathan Tarr,['Matthew Rubino']
mLTWEx,Matt Rubino,['Nathan Tarr']
mMAORn,Nathan Tarr,['Matthew Rubino']
mMAORx,Nathan Tarr,['Matthew Rubino']
mMARAh,Steve Williams,['Matthew Rubino']
mMARAx,Steve Williams,['Adam Radel']
mMEDEx,Jeff Lonneker,['Adam Radel']
mMESHx,Jeff Lonneker,['Adam Radel']
mMESQx,Matt Rubino,['Adam Radel']
mMEVOd,Steve Williams,['Matthew Rubino']
mMEVOx,Steve Williams,['Matthew Rubino']
mMEWOx,Nathan Tarr,['Matthew Rubino']
mMFSQx,Jeff Lonneker,['Adam Radel']
mMFTBx,Matt Rubino,['Nathan Tarr']
mMGSQx,Jeff Lonneker,['Thomas Laxson']
mMGVOx,Nathan Tarr,['Matthew Rubino']
mMJMOx,Jeff Lonneker,['Thomas Laxson']
mMKRAx,Nathan Tarr,['Matthew Rubino']
mMLNBx,Jeff Lonneker,['Adam Radel']
mMLSHx,Matt Rubino,['Nathan Tarr']
mMLTBx,Jeff Lonneker,['Thomas Laxson']
mMMCHx,Nathan Tarr,['Matthew Rubino']
mMOCOx,Nathan Tarr,['Matthew Rubino']
mMOGOx,Nathan Tarr,['Matthew Rubino']
mMOOSx,Nathan Tarr,['Matthew Rubino']
mMOSQx,Matt Rubino,['Adam Radel']
mMOVOa,Nathan Tarr,['Matthew Rubino']
mMOVOf,Nathan Tarr,['Matthew Rubino']
mMOVOn,Nathan Tarr,['Matthew Rubino']
mMOVOx,Nathan Tarr,['Matthew Rubino']
mMPGOx,Jeff Lonneker,['Ken Boykin']
mMPMOx,Steve Williams,['Matthew Rubino']
mMRSHx,Matt Rubino,['Nathan Tarr']
mMSPMx,Nathan Tarr,['Matthew Rubino']
mMUDEx,Jeff Lonneker,['Adam Radel']
mNADEx,Steve Williams,"['Jeff Lonneker', 'Nathan Tarr']"
mNALSx,Matt Rubino,['Nathan Tarr']
mNAPOx,Matt Rubino,['Nathan Tarr']
mNAROx,Jeff Lonneker,"['Ken Boykin', 'Thomas Laxson']"
mNASQx,Matt Rubino,['Nathan Tarr']
mNAWVx,Nathan Tarr,['Matthew Rubino']
mNBARx,Matt Rubino,['Nathan Tarr']
mNBDEx,Matt Rubino,['Nathan Tarr']
mNBLEx,Jeff Lonneker,['Adam Radel']
mNESEx,Jeff Lonneker,['Thomas Laxson']
mNFKRx,Steve Williams,['Matthew Rubino']
mNFSEx,Jeff Lonneker,['Thomas Laxson']
mNFSQa,Matt Rubino,['Nathan Tarr']
mNFSQf,Matt Rubino,['Adam Radel']
mNFSQo,Matt Rubino,['Adam Radel']
mNFSQx,Jeff Lonneker,"['Ken Boykin', 'Nathan Tarr']"
mNGCOx,Matt Rubino,['Matthew Rubino']
mNGMOx,Nathan Tarr,['Matthew Rubino']
mNMSHx,Matt Rubino,['Adam Radel']
mNODEx,Steve Williams,['Nathan Tarr']
mNOMYx,Matt Rubino,"['Nathan Tarr', 'Thomas Laxson']"
mNOSSx,Matt Rubino,['Nathan Tarr']
mNPGOx,Nathan Tarr,"['Matthew Rubino', 'Thomas Laxson']"
mNPMOx,Matt Rubino,['Matthew Rubino']
mNPYMx,Jeff Lonneker,['Adam Radel']
mNRDEx,Matt Rubino,['Nathan Tarr']
mNYBAx,Matt Rubino,['Adam Radel']
mOBPMx,Nathan Tarr,['Matthew Rubino']
mOCELx,Matt Rubino,['Nathan Tarr']
mOKRAx,Jeff Lonneker,['Thomas Laxson']
mOLDEa,Steve Williams,['Matthew Rubino']
mOLDEh,Steve Williams,['Matthew Rubino']
mOLDEl,Steve Williams,['Matthew Rubino']
mOLDEm,Steve Williams,['Matthew Rubino']
mOLDEn,Steve Williams,['Matthew Rubino']
mOLDEp,Steve Williams,['Matthew Rubino']
mOLDEt,Steve Williams,['Matthew Rubino']
mOLDEx,Jeff Lonneker,['Adam Radel']
mOLMAx,Matt Rubino,['Nathan Tarr']
mORSHa,Matt Rubino,['Adam Radel']
mORSHi,Matt Rubino,['Nathan Tarr']
mORSHr,Matt Rubino,['Nathan Tarr']
mORSHs,Matt Rubino,['Adam Radel']
mORSHw,Matt Rubino,['Adam Radel']
mORSHx,Matt Rubino,['Nathan Tarr']
mPABAx,Jeff Lonneker,['Thomas Laxson']
mPACHx,Jeff Lonneker,['Ken Boykin']
mPASHc,Steve Williams,['Nathan Tarr']
mPASHp,Steve Williams,['Nathan Tarr']
mPASHx,Matt Rubino,['Adam Radel']
mPBSHx,Jeff Lonneker,['Ken Boykin']
mPFTBx,Jeff Lonneker,['Ken Boykin']
mPGFBx,Matt Rubino,"['Nathan Tarr', 'Thomas Laxson']"
mPGSQx,Jeff Lonneker,['Thomas Laxson']
mPHMOx,Nathan Tarr,['Matthew Rubino']
mPIDEc,Matt Rubino,['Nathan Tarr']
mPIDEx,Jeff Lonneker,['Nathan Tarr']
mPIKAx,Jeff Lonneker,['Ken Boykin']
mPJMOx,Nathan Tarr,['Matthew Rubino']
mPKMOx,Jeff Lonneker,['Ken Boykin']
mPKRAx,Jeff Lonneker,['Ken Boykin']
mPMBAx,Jeff Lonneker,['Adam Radel']
mPNCHx,Jeff Lonneker,"['Ken Boykin', 'Matthew Rubino']"
mPPGOx,Steve Williams,"['Matthew Rubino', 'Thomas Laxson']"
mPPMOx,Matt Rubino,['Matthew Rubino']
mPRONs,Jeff Lonneker,"['Matthew Rubino', 'Thomas Laxson']"
mPRONx,Jeff Lonneker,"['Matthew Rubino', 'Thomas Laxson']"
mPRSHx,Matt Rubino,['Nathan Tarr']
mPRVOt,Nathan Tarr,['Matthew Rubino']
mPRVOx,Nathan Tarr,['Matthew Rubino']
mPTPDx,Jeff Lonneker,['Thomas Laxson']
mPYRAc,Jeff Lonneker,['Thomas Laxson']
mPYRAx,Jeff Lonneker,"['Ken Boykin', 'Thomas Laxson']"
mRACCx,Steve Williams,['Nathan Tarr']
mRBEBx,Matt Rubino,['Adam Radel']
mRBSQx,Jeff Lonneker,['Adam Radel']
mREFOn,Steve Williams,['Matthew Rubino']
mREFOx,Steve Williams,['Matthew Rubino']
mRESQg,Steve Williams,['Nathan Tarr']
mRESQx,Steve Williams,"['Ken Boykin', 'Nathan Tarr']"
mRGSQx,Matt Rubino,['Adam Radel']
mRINGx,Thomas Laxson,['Matthew Rubino']
mROCOx,Nathan Tarr,['Matthew Rubino']
mRORAx,Steve Williams,['Matthew Rubino']
mROSQx,Matt Rubino,['Nathan Tarr']
mROVOc,Steve Williams,['Matthew Rubino']
mROVOx,Steve Williams,['Matthew Rubino']
mRPMOx,Jeff Lonneker,['Ken Boykin']
mRTCHx,Nathan Tarr,['Matthew Rubino']
mRTGSx,Jeff Lonneker,['Ken Boykin']
mRTMUx,Jeff Lonneker,['Adam Radel']
mRTVOx,Steve Williams,['Matthew Rubino']
mSACOx,Jeff Lonneker,['Adam Radel']
mSADEx,Steve Williams,['Nathan Tarr']
mSAMBx,Matt Rubino,['Nathan Tarr']
mSAVOx,Nathan Tarr,['Matthew Rubino']
mSBLEx,Matt Rubino,['Nathan Tarr']
mSDPMx,Nathan Tarr,['Matthew Rubino']
mSEBAx,Matt Rubino,"['Nathan Tarr', 'Thomas Laxson']"
mSEGOx,Nathan Tarr,['Matthew Rubino']
mSEMYx,Matt Rubino,['Nathan Tarr']
mSEOTx,Jeff Lonneker,['Thomas Laxson']
mSEWEa,Matt Rubino,['Adam Radel']
mSEWEc,Matt Rubino,['Nathan Tarr']
mSEWEh,Matt Rubino,['Adam Radel']
mSEWEn,Matt Rubino,['Nathan Tarr']
mSEWEo,Matt Rubino,['Adam Radel']
mSEWEp,Matt Rubino,['Adam Radel']
mSEWEr,Matt Rubino,['Adam Radel']
mSEWEx,Jeff Lonneker,"['Ken Boykin', 'Ken Boykin', 'Nathan Tarr']"
mSFSQx,Matt Rubino,"['Jeff Lonneker', 'Nathan Tarr']"
mSGMOx,Jeff Lonneker,['Thomas Laxson']
mSGSQx,Jeff Lonneker,['Thomas Laxson']
mSHBAx,Jeff Lonneker,['Thomas Laxson']
mSHCHx,Jeff Lonneker,['Ken Boykin']
mSHMOx,Nathan Tarr,['Matthew Rubino']
mSICHx,Steve Williams,['Matthew Rubino']
mSIKAx,Nathan Tarr,['Matthew Rubino']
mSJKRe,Nathan Tarr,['Matthew Rubino']
mSJKRn,Nathan Tarr,['Matthew Rubino']
mSJKRx,Nathan Tarr,['Matthew Rubino']
mSJPMx,Nathan Tarr,['Matthew Rubino']
mSKRAx,Nathan Tarr,['Matthew Rubino']
mSLMOx,Steve Williams,['Matthew Rubino']
mSMHMx,Nathan Tarr,['Matthew Rubino']
mSMSHx,Matt Rubino,['Nathan Tarr']
mSNHAx,Nathan Tarr,"['Ken Boykin', 'Matthew Rubino', 'Nathan Tarr']"
mSNMOx,Nathan Tarr,['Matthew Rubino']
mSOCHx,Nathan Tarr,['Matthew Rubino']
mSOTSx,Matt Rubino,['Nathan Tarr']
mSPBAx,Jeff Lonneker,"['Ken Boykin', 'Thomas Laxson']"
mSPGOe,Matt Rubino,['Nathan Tarr']
mSPGOi,Matt Rubino,['Nathan Tarr']
mSPGOx,Jeff Lonneker,['Adam Radel']
mSPMOx,Steve Williams,['Matthew Rubino']
mSPOGx,Nathan Tarr,['Thomas Laxson']
mSPSHx,Matt Rubino,['Nathan Tarr']
mSPWOx,Steve Williams,['Matthew Rubino']
mSRBVb,Steve Williams,['Matthew Rubino']
mSRBVx,Steve Williams,['Matthew Rubino']
mSSLIx,Jeff Lonneker,['Thomas Laxson']
mSTSKx,Matt Rubino,['Nathan Tarr']
mSTVOx,Nathan Tarr,['Matthew Rubino']
mSTWOx,Jeff Lonneker,['Adam Radel']
mSWFOx,Jeff Lonneker,"['Ken Boykin', 'Thomas Laxson']"
mSWMYx,Jeff Lonneker,['Adam Radel']
mSWRAx,Nathan Tarr,['Matthew Rubino']
mSYBAx,Jeff Lonneker,"['Ken Boykin', 'Nathan Tarr']"
mTASQx,Matt Rubino,['Nathan Tarr']
mTBCRx,Jeff Lonneker,['Adam Radel']
mTBEBa,Matt Rubino,['Adam Radel']
mTBEBi,Matt Rubino,['Nathan Tarr']
mTBEBp,Matt Rubino,['Adam Radel']
mTBEBt,Matt Rubino,['Adam Radel']
mTBEBv,Matt Rubino,['Nathan Tarr']
mTBEBx,Jeff Lonneker,"['Ken Boykin', 'Nathan Tarr', 'Thomas Laxson']"
mTGSQx,Jeff Lonneker,['Thomas Laxson']
mTKRAx,Steve Williams,['Matthew Rubino']
mTLGSx,Matt Rubino,['Nathan Tarr']
mTOCHx,Nathan Tarr,['Matthew Rubino']
mTOMOx,Nathan Tarr,['Matthew Rubino']
mTOVOp,Nathan Tarr,['Matthew Rubino']
mTOVOx,Nathan Tarr,['Matthew Rubino']
mTPGOx,Matt Rubino,['Nathan Tarr']
mTRSHx,Jeff Lonneker,['Ken Boykin']
mTXDEx,Matt Rubino,['Nathan Tarr']
mTXGOx,Nathan Tarr,['Thomas Laxson']
mUGSQx,Matt Rubino,['Nathan Tarr']
mUICHx,Nathan Tarr,['Matthew Rubino']
mUMBAx,Jeff Lonneker,['Adam Radel']
mUPDOx,Jeff Lonneker,['Adam Radel']
mVASHh,Matt Rubino,['Nathan Tarr']
mVASHp,Matt Rubino,['Adam Radel']
mVASHx,Matt Rubino,['Nathan Tarr']
mVIOPx,Matt Rubino,['Nathan Tarr']
mWADEx,Matt Rubino,['Nathan Tarr']
mWASQx,Matt Rubino,['Nathan Tarr']
mWBBAx,Jeff Lonneker,['Adam Radel']
mWEMOx,Nathan Tarr,['Matthew Rubino']
mWEPIx,Matt Rubino,['Nathan Tarr']
mWEPMx,Steve Williams,['Adam Radel']
mWFDEx,Matt Rubino,['Nathan Tarr']
mWFVOx,Nathan Tarr,['Matthew Rubino']
mWGSQx,Jeff Lonneker,['Ken Boykin']
mWHMOx,Nathan Tarr,['Matthew Rubino']
mWHVOx,Steve Williams,['Matthew Rubino']
mWIBOx,Nathan Tarr,['Matthew Rubino']
mWIMAx,Matt Rubino,['Nathan Tarr']
mWJMOx,Steve Williams,['Matthew Rubino']
mWOLVx,Jeff Lonneker,"['Jeff Lonneker', 'Ken Boykin']"
mWOODx,Matt Rubino,['Adam Radel']
mWOVOx,Nathan Tarr,['Matthew Rubino']
mWPGOx,Matt Rubino,['Nathan Tarr']
mWRBAx,Jeff Lonneker,['Thomas Laxson']
mWRBVx,Nathan Tarr,['Matthew Rubino']
mWSFMx,Jeff Lonneker,['Thomas Laxson']
mWSJAx,Jeff Lonneker,['Adam Radel']
mWSSKx,Thomas Laxson,['Nathan Tarr']
mWTASx,Matt Rubino,['Nathan Tarr']
mWTDEc,Jeff Lonneker,['Thomas Laxson']
mWTDEl,Jeff Lonneker,['Thomas Laxson']
mWTDEn,Jeff Lonneker,['Thomas Laxson']
mWTDEx,Jeff Lonneker,['Thomas Laxson']
mWTHWx,Jeff Lonneker,"['Ken Boykin', 'Matthew Rubino']"
mWTJAx,Steve Williams,"['Thomas Laxson', 'Thomas Laxson']"
mWTPDx,Jeff Lonneker,['Adam Radel']
mWTWOx,Steve Williams,['Matthew Rubino']
mWYBAx,Jeff Lonneker,"['Ken Boykin', 'Thomas Laxson']"
mWYGOx,Matt Rubino,['Nathan Tarr']
mWYSQa,Steve Williams,['Adam Radel']
mWYSQe,Steve Williams,['Adam Radel']
mWYSQn,Steve Williams,['Nathan Tarr']
mWYSQx,Jeff Lonneker,"['Ken Boykin', 'Nathan Tarr']"
mYCCHx,Nathan Tarr,['Matthew Rubino']
mYEMAn,Matt Rubino,['Adam Radel']
mYEMAx,Matt Rubino,['Adam Radel']
mYFPGx,Matt Rubino,['Nathan Tarr']
mYNCRx,Jeff Lonneker,['Adam Radel']
mYPCHc,Nathan Tarr,['Matthew Rubino']
mYPCHx,Nathan Tarr,['Matthew Rubino']
mYUMYx,Matt Rubino,"['Matthew Rubino', 'Nathan Tarr', 'Thomas Laxson']"
rALTUx,Jeff Lonneker,['Adam Radel']
rAMALx,Jeff Lonneker,['Ken Boykin']
rANLIx,Jeff Lonneker,['Ken Boykin']
rAQGAx,Jeff Lonneker,['Ken Boykin']
rARBCx,Jeff Lonneker,['Adam Radel']
rASTUx,Jeff Lonneker,['Ken Boykin']
rASWHx,Jeff Lonneker,['Ken Boykin']
rAZTUx,Jeff Lonneker,['Ken Boykin']
rBARAx,Jeff Lonneker,['Ken Boykin']
rBCBLx,Jeff Lonneker,['Ken Boykin']
rBCCLx,Jeff Lonneker,['Ken Boykin']
rBCCOx,Jeff Lonneker,['Ken Boykin']
rBCRAx,Jeff Lonneker,['Ken Boykin']
rBHLIx,Jeff Lonneker,['Ken Boykin']
rBHSKx,Jeff Lonneker,['Ken Boykin']
rBKMTx,Jeff Lonneker,['Adam Radel']
rBLSSx,Jeff Lonneker,['Adam Radel']
rBMTUx,Jeff Lonneker,['Adam Radel']
rBNGAx,Jeff Lonneker,['Ken Boykin']
rBNLIx,Jeff Lonneker,['Ken Boykin']
rBNLLx,Jeff Lonneker,['Ken Boykin']
rBOTUx,Jeff Lonneker,['Adam Radel']
rBRLIx,Jeff Lonneker,['Ken Boykin']
rBRVIx,Jeff Lonneker,['Adam Radel']
rBRVWx,Jeff Lonneker,['Ken Boykin']
rBRWAx,Jeff Lonneker,['Adam Radel']
rBTRAx,Jeff Lonneker,['Ken Boykin']
rBTURx,Jeff Lonneker,['Ken Boykin']
rBUGAx,Jeff Lonneker,['Ken Boykin']
rCAISx,Jeff Lonneker,['Ken Boykin']
rCALIx,Jeff Lonneker,['Ken Boykin']
rCBHSx,Jeff Lonneker,['Adam Radel']
rCCHUx,Jeff Lonneker,['Ken Boykin']
rCCHWx,Jeff Lonneker,['Adam Radel']
rCCWHx,Jeff Lonneker,['Ken Boykin']
rCDFLx,Jeff Lonneker,['Ken Boykin']
rCESNx,Jeff Lonneker,['Ken Boykin']
rCFLSx,Jeff Lonneker,['Ken Boykin']
rCFTLx,Jeff Lonneker,['Ken Boykin']
rCHGAx,Jeff Lonneker,['Ken Boykin']
rCHNIx,Jeff Lonneker,['Ken Boykin']
rCHNSx,Jeff Lonneker,['Ken Boykin']
rCHTUx,Jeff Lonneker,['Ken Boykin']
rCKINx,Jeff Lonneker,"['Ken Boykin', 'Thomas Laxson']"
rCLELx,Jeff Lonneker,"['Ken Boykin', 'Thomas Laxson']"
rCLIZx,Jeff Lonneker,['Ken Boykin']
rCLLIx,Jeff Lonneker,['Ken Boykin']
rCLSLx,Jeff Lonneker,['Adam Radel']
rCMKIx,Jeff Lonneker,['Ken Boykin']
rCMTUx,Jeff Lonneker,['Ken Boykin']
rCNIGx,Jeff Lonneker,['Ken Boykin']
rCOACx,Jeff Lonneker,['Ken Boykin']
rCOGAx,Jeff Lonneker,"['Ken Boykin', 'Thomas Laxson']"
rCOPPx,Jeff Lonneker,['Ken Boykin']
rCOSKx,Jeff Lonneker,['Ken Boykin']
rCOSLx,Jeff Lonneker,"['Ken Boykin', 'Thomas Laxson']"
rCOTTx,Jeff Lonneker,['Ken Boykin']
rCOWAx,Jeff Lonneker,['Ken Boykin']
rCROCx,Jeff Lonneker,['Adam Radel']
rCRSLx,Jeff Lonneker,['Ken Boykin']
rCSBLx,Jeff Lonneker,['Ken Boykin']
rCSPWx,Jeff Lonneker,['Ken Boykin']
rCSWHx,Jeff Lonneker,['Adam Radel']
rCWHIx,Jeff Lonneker,['Ken Boykin']
rDBTEx,Jeff Lonneker,['Ken Boykin']
rDBWAx,Jeff Lonneker,['Ken Boykin']
rDEBRx,Jeff Lonneker,['Ken Boykin']
rDEIGx,Jeff Lonneker,['Ken Boykin']
rDENIx,Jeff Lonneker,['Ken Boykin']
rDETOx,Jeff Lonneker,"['Ken Boykin', 'Thomas Laxson']"
rDGWHx,Jeff Lonneker,['Adam Radel']
rDHLIx,Jeff Lonneker,['Ken Boykin']
rDHNSx,Jeff Lonneker,"['Ken Boykin', 'Ken Boykin']"
rDNLIx,Jeff Lonneker,"['Ken Boykin', 'Thomas Laxson']"
rDSALx,Jeff Lonneker,['Ken Boykin']
rDSLIx,Jeff Lonneker,"['Ken Boykin', 'Ken Boykin']"
rEAFOx,Jeff Lonneker,['Ken Boykin']
rEARAx,Jeff Lonneker,['Ken Boykin']
rEARIx,Jeff Lonneker,['Ken Boykin']
rEBTUb,Jeff Lonneker,['Adam Radel']
rEBTUx,Jeff Lonneker,['Ken Boykin']
rECLIx,Jeff Lonneker,['Ken Boykin']
rEDBRx,Jeff Lonneker,['Ken Boykin']
rEELIx,Jeff Lonneker,['Ken Boykin']
rEFLIx,Steve Williams,"['Ken Boykin', 'Ken Boykin']"
rEGLIx,Jeff Lonneker,['Ken Boykin']
rEHNSx,Jeff Lonneker,['Ken Boykin']
rEISNx,Jeff Lonneker,['Adam Radel']
rEMDTx,Jeff Lonneker,['Ken Boykin']
rEMSTx,Jeff Lonneker,['Ken Boykin']
rEMTUx,Jeff Lonneker,['Adam Radel']
rEPNSx,Jeff Lonneker,['Ken Boykin']
rEWSNx,Jeff Lonneker,['Ken Boykin']
rFCSNx,Jeff Lonneker,['Adam Radel']
rFGWAx,Jeff Lonneker,['Adam Radel']
rFHSNx,Jeff Lonneker,['Ken Boykin']
rFLBRx,Jeff Lonneker,['Ken Boykin']
rFLMTx,Jeff Lonneker,['Adam Radel']
rFLSKx,Jeff Lonneker,['Adam Radel']
rFLSOx,Jeff Lonneker,['Adam Radel']
rFLWOx,Jeff Lonneker,['Adam Radel']
rFMTUx,Jeff Lonneker,['Ken Boykin']
rFRBCx,Jeff Lonneker,['Adam Radel']
rFSLIx,Jeff Lonneker,['Adam Radel']
rFSSKx,Jeff Lonneker,['Adam Radel']
rFTHLx,Jeff Lonneker,['Ken Boykin']
rGBCLx,Jeff Lonneker,['Ken Boykin']
rGBKIx,Jeff Lonneker,['Ken Boykin']
rGCRSx,Jeff Lonneker,['Ken Boykin']
rGCSNx,Jeff Lonneker,['Ken Boykin']
rGCWHx,Jeff Lonneker,['Adam Radel']
rGELIx,Jeff Lonneker,['Ken Boykin']
rGHLIx,Jeff Lonneker,['Ken Boykin']
rGIGAx,Jeff Lonneker,['Ken Boykin']
rGIMOx,Jeff Lonneker,"['Ken Boykin', 'Thomas Laxson']"
rGISKx,Jeff Lonneker,['Ken Boykin']
rGLSNx,Jeff Lonneker,['Ken Boykin']
rGLSWx,Jeff Lonneker,['Adam Radel']
rGNLIx,Jeff Lonneker,['Ken Boykin']
rGNRAx,Jeff Lonneker,['Adam Radel']
rGNSLx,Jeff Lonneker,['Ken Boykin']
rGOPHx,Jeff Lonneker,['Ken Boykin']
rGOTOx,Jeff Lonneker,['Ken Boykin']
rGPRAx,Jeff Lonneker,['Ken Boykin']
rGPSKx,Jeff Lonneker,['Ken Boykin']
rGPSLx,Jeff Lonneker,['Ken Boykin']
rGRANx,Jeff Lonneker,['Ken Boykin']
rGRRAx,Jeff Lonneker,['Ken Boykin']
rGSHLx,Jeff Lonneker,['Ken Boykin']
rGSTUx,Jeff Lonneker,['Ken Boykin']
rHACOx,Jeff Lonneker,['Ken Boykin']
rHSTUx,Jeff Lonneker,['Ken Boykin']
rIGLIx,Jeff Lonneker,['Adam Radel']
rINLIx,Jeff Lonneker,['Ken Boykin']
rKELIx,Jeff Lonneker,['Ken Boykin']
rKISNx,Jeff Lonneker,['Ken Boykin']
rKRSTx,Jeff Lonneker,['Ken Boykin']
rLASWx,Jeff Lonneker,['Ken Boykin']
rLBSKx,Jeff Lonneker,['Ken Boykin']
rLEATx,Jeff Lonneker,['Ken Boykin']
rLISNx,Jeff Lonneker,['Ken Boykin']
rLISWx,Jeff Lonneker,['Ken Boykin']
rLMTUx,Jeff Lonneker,['Ken Boykin']
rLNLLx,Jeff Lonneker,"['Ken Boykin', 'Thomas Laxson']"
rLNSNx,Jeff Lonneker,"['Ken Boykin', 'Thomas Laxson']"
rLOGTx,Jeff Lonneker,['Ken Boykin']
rLOPIx,Jeff Lonneker,['Ken Boykin']
rLTBLx,Jeff Lonneker,['Ken Boykin']
rLWWHx,Jeff Lonneker,['Ken Boykin']
rMALIx,Jeff Lonneker,['Adam Radel']
rMASSx,Jeff Lonneker,['Ken Boykin']
rMBHSx,Jeff Lonneker,['Ken Boykin']
rMEGAx,Jeff Lonneker,['Adam Radel']
rMFTLx,Jeff Lonneker,['Ken Boykin']
rMGLIx,Jeff Lonneker,['Adam Radel']
rMHNSx,Jeff Lonneker,['Ken Boykin']
rMILKx,Jeff Lonneker,"['Ken Boykin', 'Thomas Laxson']"
rMLSKx,Jeff Lonneker,['Ken Boykin']
rMORAx,Jeff Lonneker,['Ken Boykin']
rMOSKx,Jeff Lonneker,['Adam Radel']
rMPSLx,Jeff Lonneker,['Ken Boykin']
rMSWAx,Jeff Lonneker,['Ken Boykin']
rMTSKx,Jeff Lonneker,['Ken Boykin']
rNALIx,Jeff Lonneker,['Ken Boykin']
rNARAx,Jeff Lonneker,['Ken Boykin']
rNHGAx,Jeff Lonneker,['Adam Radel']
rNMTHx,Jeff Lonneker,['Ken Boykin']
rNMTUx,Jeff Lonneker,['Ken Boykin']
rNMWHx,Jeff Lonneker,['Ken Boykin']
rNRBCx,Jeff Lonneker,['Ken Boykin']
rNRBOx,Jeff Lonneker,['Ken Boykin']
rNWATx,Jeff Lonneker,['Ken Boykin']
rNWGAx,Jeff Lonneker,['Ken Boykin']
rOBTUx,Jeff Lonneker,['Ken Boykin']
rOMTUx,Jeff Lonneker,['Ken Boykin']
rORSTx,Jeff Lonneker,['Ken Boykin']
rORWHx,Jeff Lonneker,['Ken Boykin']
rOTLIx,Jeff Lonneker,['Ken Boykin']
rPALIx,Jeff Lonneker,['Ken Boykin']
rPASWx,Jeff Lonneker,['Ken Boykin']
rPATUx,Jeff Lonneker,['Ken Boykin']
rPBHSx,Jeff Lonneker,['Ken Boykin']
rPBWAx,Jeff Lonneker,['Ken Boykin']
rPCOOx,Jeff Lonneker,['Ken Boykin']
rPFLIx,Jeff Lonneker,['Ken Boykin']
rPHNSx,Jeff Lonneker,['Ken Boykin']
rPINEl,Jeff Lonneker,['Adam Radel']
rPINEu,Jeff Lonneker,['Adam Radel']
rPINEx,Jeff Lonneker,['Ken Boykin']
rPLGAx,Jeff Lonneker,['Ken Boykin']
rPLSWx,Jeff Lonneker,"['Ken Boykin', 'Ken Boykin']"
rPLTGx,Jeff Lonneker,['Ken Boykin']
rPLWHx,Jeff Lonneker,['Ken Boykin']
rPMTUx,Jeff Lonneker,['Ken Boykin']
rPOSLx,Jeff Lonneker,['Ken Boykin']
rPRATx,Jeff Lonneker,['Ken Boykin']
rPRRAx,Jeff Lonneker,"['Ken Boykin', 'Thomas Laxson']"
rPRSKx,Jeff Lonneker,['Ken Boykin']
rPSHLx,Jeff Lonneker,['Ken Boykin']
rPWLIx,Jeff Lonneker,['Ken Boykin']
rQUEEx,Jeff Lonneker,['Ken Boykin']
rRASNx,Jeff Lonneker,['Ken Boykin']
rRAWHx,Jeff Lonneker,['Ken Boykin']
rRBGEx,Jeff Lonneker,['Ken Boykin']
rRBLIx,Jeff Lonneker,['Ken Boykin']
rRBMTx,Jeff Lonneker,['Ken Boykin']
rRBMUx,Jeff Lonneker,['Ken Boykin']
rRBSNx,Jeff Lonneker,['Ken Boykin']
rRBSSx,Jeff Lonneker,['Ken Boykin']
rRBWHx,Jeff Lonneker,['Ken Boykin']
rRCLIx,Jeff Lonneker,['Ken Boykin']
rRDRAx,Jeff Lonneker,['Ken Boykin']
rRECOx,Jeff Lonneker,['Ken Boykin']
rREGEx,Jeff Lonneker,['Adam Radel']
rRFMTx,Steve Williams,['Ken Boykin']
rRGCOx,Jeff Lonneker,['Ken Boykin']
rRHLIx,Jeff Lonneker,['Adam Radel']
rRICOx,Jeff Lonneker,['Ken Boykin']
rRMTUx,Jeff Lonneker,['Ken Boykin']
rRNRAx,Jeff Lonneker,['Adam Radel']
rRNSNx,Jeff Lonneker,['Ken Boykin']
rROBOx,Jeff Lonneker,['Ken Boykin']
rROEAx,Jeff Lonneker,['Ken Boykin']
rROGRx,Jeff Lonneker,['Ken Boykin']
rRRATx,Steve Williams,['Ken Boykin']
rRRCSx,Jeff Lonneker,['Adam Radel']
rRTHLx,Jeff Lonneker,['Ken Boykin']
rSALSx,Jeff Lonneker,['Adam Radel']
rSANLx,Jeff Lonneker,['Ken Boykin']
rSAWAx,Jeff Lonneker,['Ken Boykin']
rSBGEx,Jeff Lonneker,['Ken Boykin']
rSBHSx,Jeff Lonneker,['Ken Boykin']
rSBLIx,Jeff Lonneker,['Ken Boykin']
rSBRAx,Jeff Lonneker,['Ken Boykin']
rSCARx,Jeff Lonneker,['Ken Boykin']
rSCLIx,Steve Williams,['Ken Boykin']
rSCSNx,Jeff Lonneker,['Adam Radel']
rSCWHx,Jeff Lonneker,['Ken Boykin']
rSESNx,Jeff Lonneker,['Ken Boykin']
rSFLSx,Jeff Lonneker,['Ken Boykin']
rSGLIx,Jeff Lonneker,['Ken Boykin']
rSHGAx,Jeff Lonneker,['Ken Boykin']
rSHNSx,Jeff Lonneker,['Adam Radel']
rSIDEx,Jeff Lonneker,['Ken Boykin']
rSIGAx,Jeff Lonneker,['Ken Boykin']
rSINLx,Jeff Lonneker,['Ken Boykin']
rSLCOx,Jeff Lonneker,['Ken Boykin']
rSLRAx,Jeff Lonneker,['Ken Boykin']
rSMEAx,Jeff Lonneker,['Ken Boykin']
rSMGRx,Jeff Lonneker,['Ken Boykin']
rSMKIx,Steve Williams,['Thomas Laxson']
rSMSOc,Jeff Lonneker,['Ken Boykin']
rSMSOm,Jeff Lonneker,['Ken Boykin']
rSMSOx,Jeff Lonneker,"['Ken Boykin', 'Thomas Laxson', 'Thomas Laxson']"
rSNTUx,Jeff Lonneker,['Ken Boykin']
rSOALx,Jeff Lonneker,['Ken Boykin']
rSOCOx,Jeff Lonneker,['Ken Boykin']
rSOMTx,Jeff Lonneker,['Ken Boykin']
rSOPTx,Jeff Lonneker,['Ken Boykin']
rSOWAx,Jeff Lonneker,['Ken Boykin']
rSOWHx,Jeff Lonneker,['Adam Radel']
rSPLIx,Jeff Lonneker,['Ken Boykin']
rSPLSx,Jeff Lonneker,['Ken Boykin']
rSPRAx,Jeff Lonneker,['Ken Boykin']
rSPSNx,Jeff Lonneker,['Ken Boykin']
rSPSOx,Jeff Lonneker,['Ken Boykin']
rSPTUx,Jeff Lonneker,['Ken Boykin']
rSRATx,Jeff Lonneker,['Ken Boykin']
rSRBOx,Jeff Lonneker,['Ken Boykin']
rSSNSx,Jeff Lonneker,['Adam Radel']
rSSWHx,Jeff Lonneker,['Adam Radel']
rSTELx,Jeff Lonneker,['Ken Boykin']
rSTMTx,Jeff Lonneker,['Adam Radel']
rSTRAx,Jeff Lonneker,['Ken Boykin']
rSTSNx,Jeff Lonneker,['Adam Radel']
rSTWHx,Jeff Lonneker,['Ken Boykin']
rSUCOx,Jeff Lonneker,"['Ken Boykin', 'Ken Boykin']"
rTALIx,Jeff Lonneker,['Ken Boykin']
rTBHSx,Jeff Lonneker,['Ken Boykin']
rTEGAx,Jeff Lonneker,['Ken Boykin']
rTERAx,Jeff Lonneker,['Ken Boykin']
rTHLIx,Jeff Lonneker,['Ken Boykin']
rTHNSx,Jeff Lonneker,['Ken Boykin']
rTIRAx,Jeff Lonneker,['Ken Boykin']
rTIWHx,Jeff Lonneker,['Ken Boykin']
rTMTUx,Jeff Lonneker,"['Ken Boykin', 'Ken Boykin']"
rTPRAx,Jeff Lonneker,['Ken Boykin']
rTRATx,Jeff Lonneker,['Adam Radel']
rTSGAx,Jeff Lonneker,['Ken Boykin']
rTSLIx,Jeff Lonneker,['Ken Boykin']
rTSRAx,Jeff Lonneker,['Adam Radel']
rTSSLx,Jeff Lonneker,['Ken Boykin']
rTSSNx,Jeff Lonneker,['Adam Radel']
rTXBGx,Jeff Lonneker,['Ken Boykin']
rTXCOx,Jeff Lonneker,['Ken Boykin']
rTXCSx,Jeff Lonneker,['Ken Boykin']
rTXLYx,Jeff Lonneker,['Ken Boykin']
rTXTHx,Jeff Lonneker,"['Ken Boykin', 'Ken Boykin']"
rTXTOx,Jeff Lonneker,['Ken Boykin']
rVASAx,Jeff Lonneker,['Ken Boykin']
rWBGEx,Jeff Lonneker,"['Ken Boykin', 'Thomas Laxson']"
rWBHSx,Jeff Lonneker,['Ken Boykin']
rWDBRx,Jeff Lonneker,['Ken Boykin']
rWEFOx,Jeff Lonneker,['Ken Boykin']
rWELYx,Jeff Lonneker,['Ken Boykin']
rWERAx,Jeff Lonneker,['Ken Boykin']
rWERIx,Jeff Lonneker,['Ken Boykin']
rWESKx,Jeff Lonneker,['Ken Boykin']
rWETHx,Jeff Lonneker,['Ken Boykin']
rWEWOx,Jeff Lonneker,['Ken Boykin']
rWFLIx,Jeff Lonneker,['Ken Boykin']
rWGROx,Jeff Lonneker,['Ken Boykin']
rWNLIx,Jeff Lonneker,['Ken Boykin']
rWOSLx,Jeff Lonneker,['Adam Radel']
rWOTUx,Jeff Lonneker,['Ken Boykin']
rWPNSx,Jeff Lonneker,['Ken Boykin']
rWPTUx,Jeff Lonneker,"['Ken Boykin', 'Thomas Laxson']"
rWSNSx,Jeff Lonneker,['Ken Boykin']
rYBHSx,Jeff Lonneker,['Adam Radel']
rYBKIx,Jeff Lonneker,"['Ken Boykin', 'Ken Boykin']"
rYBMTx,Jeff Lonneker,['Adam Radel']
rYBSLx,Ken Boykin,['Ken Boykin']
rYFTLx,Jeff Lonneker,['Ken Boykin']
rYHGEx,Jeff Lonneker,['Ken Boykin']
rYMTUx,Jeff Lonneker,['Ken Boykin']
rYSLIx,Jeff Lonneker,['Adam Radel']
rZTLIx,Jeff Lonneker,['Ken Boykin']
